Analysis & Synthesis report for riscvpc
Tue Nov  4 19:23:37 2025
Quartus Prime Version 24.1std.0 Build 1077 03/04/2025 SC Lite Edition


---------------------
; Table of Contents ;
---------------------
  1. Legal Notice
  2. Analysis & Synthesis Summary
  3. Analysis & Synthesis Settings
  4. Parallel Compilation
  5. Analysis & Synthesis Source Files Read
  6. Analysis & Synthesis Resource Usage Summary
  7. Analysis & Synthesis Resource Utilization by Entity
  8. Registers Removed During Synthesis
  9. Removed Registers Triggering Further Register Optimizations
 10. General Register Statistics
 11. Multiplexer Restructuring Statistics (Restructuring Performed)
 12. Port Connectivity Checks: "registers_unit:reg_unit"
 13. Port Connectivity Checks: "instruction_memory:imem"
 14. Post-Synthesis Netlist Statistics for Top Partition
 15. Elapsed Time Per Partition
 16. Analysis & Synthesis Messages



----------------
; Legal Notice ;
----------------
Copyright (C) 2025  Altera Corporation. All rights reserved.
Your use of Altera Corporation's design tools, logic functions 
and other software and tools, and any partner logic 
functions, and any output files from any of the foregoing 
(including device programming or simulation files), and any 
associated documentation or information are expressly subject 
to the terms and conditions of the Altera Program License 
Subscription Agreement, the Altera Quartus Prime License Agreement,
the Altera IP License Agreement, or other applicable license
agreement, including, without limitation, that your use is for
the sole purpose of programming logic devices manufactured by
Altera and sold by Altera or its authorized distributors.  Please
refer to the Altera Software License Subscription Agreements 
on the Quartus Prime software download page.



+-----------------------------------------------------------------------------------+
; Analysis & Synthesis Summary                                                      ;
+---------------------------------+-------------------------------------------------+
; Analysis & Synthesis Status     ; Successful - Tue Nov  4 19:23:37 2025           ;
; Quartus Prime Version           ; 24.1std.0 Build 1077 03/04/2025 SC Lite Edition ;
; Revision Name                   ; riscvpc                                         ;
; Top-level Entity Name           ; top_level                                       ;
; Family                          ; Cyclone V                                       ;
; Logic utilization (in ALMs)     ; N/A                                             ;
; Total registers                 ; 10                                              ;
; Total pins                      ; 64                                              ;
; Total virtual pins              ; 0                                               ;
; Total block memory bits         ; 0                                               ;
; Total DSP Blocks                ; 0                                               ;
; Total HSSI RX PCSs              ; 0                                               ;
; Total HSSI PMA RX Deserializers ; 0                                               ;
; Total HSSI TX PCSs              ; 0                                               ;
; Total HSSI PMA TX Serializers   ; 0                                               ;
; Total PLLs                      ; 0                                               ;
; Total DLLs                      ; 0                                               ;
+---------------------------------+-------------------------------------------------+


+---------------------------------------------------------------------------------------------------------------------------+
; Analysis & Synthesis Settings                                                                                             ;
+---------------------------------------------------------------------------------+--------------------+--------------------+
; Option                                                                          ; Setting            ; Default Value      ;
+---------------------------------------------------------------------------------+--------------------+--------------------+
; Device                                                                          ; 5CSEMA5F31C6       ;                    ;
; Top-level entity name                                                           ; top_level          ; riscvpc            ;
; Family name                                                                     ; Cyclone V          ; Cyclone V          ;
; Use smart compilation                                                           ; Off                ; Off                ;
; Enable parallel Assembler and Timing Analyzer during compilation                ; On                 ; On                 ;
; Enable compact report table                                                     ; Off                ; Off                ;
; Restructure Multiplexers                                                        ; Auto               ; Auto               ;
; MLAB Add Timing Constraints For Mixed-Port Feed-Through Mode Setting Don't Care ; Off                ; Off                ;
; Create Debugging Nodes for IP Cores                                             ; Off                ; Off                ;
; Preserve fewer node names                                                       ; On                 ; On                 ;
; Intel FPGA IP Evaluation Mode                                                   ; Enable             ; Enable             ;
; Verilog Version                                                                 ; Verilog_2001       ; Verilog_2001       ;
; VHDL Version                                                                    ; VHDL_1993          ; VHDL_1993          ;
; State Machine Processing                                                        ; Auto               ; Auto               ;
; Safe State Machine                                                              ; Off                ; Off                ;
; Extract Verilog State Machines                                                  ; On                 ; On                 ;
; Extract VHDL State Machines                                                     ; On                 ; On                 ;
; Ignore Verilog initial constructs                                               ; Off                ; Off                ;
; Iteration limit for constant Verilog loops                                      ; 5000               ; 5000               ;
; Iteration limit for non-constant Verilog loops                                  ; 250                ; 250                ;
; Add Pass-Through Logic to Inferred RAMs                                         ; On                 ; On                 ;
; Infer RAMs from Raw Logic                                                       ; On                 ; On                 ;
; Parallel Synthesis                                                              ; On                 ; On                 ;
; DSP Block Balancing                                                             ; Auto               ; Auto               ;
; NOT Gate Push-Back                                                              ; On                 ; On                 ;
; Power-Up Don't Care                                                             ; On                 ; On                 ;
; Remove Redundant Logic Cells                                                    ; Off                ; Off                ;
; Remove Duplicate Registers                                                      ; On                 ; On                 ;
; Ignore CARRY Buffers                                                            ; Off                ; Off                ;
; Ignore CASCADE Buffers                                                          ; Off                ; Off                ;
; Ignore GLOBAL Buffers                                                           ; Off                ; Off                ;
; Ignore ROW GLOBAL Buffers                                                       ; Off                ; Off                ;
; Ignore LCELL Buffers                                                            ; Off                ; Off                ;
; Ignore SOFT Buffers                                                             ; On                 ; On                 ;
; Limit AHDL Integers to 32 Bits                                                  ; Off                ; Off                ;
; Optimization Technique                                                          ; Balanced           ; Balanced           ;
; Carry Chain Length                                                              ; 70                 ; 70                 ;
; Auto Carry Chains                                                               ; On                 ; On                 ;
; Auto Open-Drain Pins                                                            ; On                 ; On                 ;
; Perform WYSIWYG Primitive Resynthesis                                           ; Off                ; Off                ;
; Auto ROM Replacement                                                            ; On                 ; On                 ;
; Auto RAM Replacement                                                            ; On                 ; On                 ;
; Auto DSP Block Replacement                                                      ; On                 ; On                 ;
; Auto Shift Register Replacement                                                 ; Auto               ; Auto               ;
; Allow Shift Register Merging across Hierarchies                                 ; Auto               ; Auto               ;
; Auto Clock Enable Replacement                                                   ; On                 ; On                 ;
; Strict RAM Replacement                                                          ; Off                ; Off                ;
; Allow Synchronous Control Signals                                               ; On                 ; On                 ;
; Force Use of Synchronous Clear Signals                                          ; Off                ; Off                ;
; Auto Resource Sharing                                                           ; Off                ; Off                ;
; Allow Any RAM Size For Recognition                                              ; Off                ; Off                ;
; Allow Any ROM Size For Recognition                                              ; Off                ; Off                ;
; Allow Any Shift Register Size For Recognition                                   ; Off                ; Off                ;
; Use LogicLock Constraints during Resource Balancing                             ; On                 ; On                 ;
; Ignore translate_off and synthesis_off directives                               ; Off                ; Off                ;
; Timing-Driven Synthesis                                                         ; On                 ; On                 ;
; Report Parameter Settings                                                       ; On                 ; On                 ;
; Report Source Assignments                                                       ; On                 ; On                 ;
; Report Connectivity Checks                                                      ; On                 ; On                 ;
; Ignore Maximum Fan-Out Assignments                                              ; Off                ; Off                ;
; Synchronization Register Chain Length                                           ; 3                  ; 3                  ;
; Power Optimization During Synthesis                                             ; Normal compilation ; Normal compilation ;
; HDL message level                                                               ; Level2             ; Level2             ;
; Suppress Register Optimization Related Messages                                 ; Off                ; Off                ;
; Number of Removed Registers Reported in Synthesis Report                        ; 5000               ; 5000               ;
; Number of Swept Nodes Reported in Synthesis Report                              ; 5000               ; 5000               ;
; Number of Inverted Registers Reported in Synthesis Report                       ; 100                ; 100                ;
; Clock MUX Protection                                                            ; On                 ; On                 ;
; Auto Gated Clock Conversion                                                     ; Off                ; Off                ;
; Block Design Naming                                                             ; Auto               ; Auto               ;
; SDC constraint protection                                                       ; Off                ; Off                ;
; Synthesis Effort                                                                ; Auto               ; Auto               ;
; Shift Register Replacement - Allow Asynchronous Clear Signal                    ; On                 ; On                 ;
; Pre-Mapping Resynthesis Optimization                                            ; Off                ; Off                ;
; Analysis & Synthesis Message Level                                              ; Medium             ; Medium             ;
; Disable Register Merging Across Hierarchies                                     ; Auto               ; Auto               ;
; Resource Aware Inference For Block RAM                                          ; On                 ; On                 ;
; Automatic Parallel Synthesis                                                    ; On                 ; On                 ;
; Partial Reconfiguration Bitstream ID                                            ; Off                ; Off                ;
+---------------------------------------------------------------------------------+--------------------+--------------------+


+------------------------------------------+
; Parallel Compilation                     ;
+----------------------------+-------------+
; Processors                 ; Number      ;
+----------------------------+-------------+
; Number detected on machine ; 4           ;
; Maximum allowed            ; 2           ;
;                            ;             ;
; Average used               ; 1.00        ;
; Maximum used               ; 2           ;
;                            ;             ;
; Usage by Processor         ; % Time Used ;
;     Processor 1            ; 100.0%      ;
;     Processor 2            ;   0.0%      ;
+----------------------------+-------------+


+---------------------------------------------------------------------------------------------------------------------------------------------------------------------------------------------+
; Analysis & Synthesis Source Files Read                                                                                                                                                      ;
+----------------------------------+-----------------+---------------------------------------------+--------------------------------------------------------------------------------+---------+
; File Name with User-Entered Path ; Used in Netlist ; File Type                                   ; File Name with Absolute Path                                                   ; Library ;
+----------------------------------+-----------------+---------------------------------------------+--------------------------------------------------------------------------------+---------+
; top_level.sv                     ; yes             ; User SystemVerilog HDL File                 ; C:/Users/Asbel/Downloads/is614-main/single-cycle - copia/top_level.sv          ;         ;
; hex7seg.sv                       ; yes             ; User SystemVerilog HDL File                 ; C:/Users/Asbel/Downloads/is614-main/single-cycle - copia/hex7seg.sv            ;         ;
; instruction_memory.sv            ; yes             ; User SystemVerilog HDL File                 ; C:/Users/Asbel/Downloads/is614-main/single-cycle - copia/instruction_memory.sv ;         ;
; registers_unit.sv                ; yes             ; User SystemVerilog HDL File                 ; C:/Users/Asbel/Downloads/is614-main/single-cycle - copia/registers_unit.sv     ;         ;
; program.hex                      ; yes             ; Auto-Found Hexadecimal (Intel-Format) File  ; C:/Users/Asbel/Downloads/is614-main/single-cycle - copia/program.hex           ;         ;
+----------------------------------+-----------------+---------------------------------------------+--------------------------------------------------------------------------------+---------+


+-----------------------------------------------------------+
; Analysis & Synthesis Resource Usage Summary               ;
+---------------------------------------------+-------------+
; Resource                                    ; Usage       ;
+---------------------------------------------+-------------+
; Estimate of Logic utilization (ALMs needed) ; 37          ;
;                                             ;             ;
; Combinational ALUT usage for logic          ; 62          ;
;     -- 7 input functions                    ; 1           ;
;     -- 6 input functions                    ; 11          ;
;     -- 5 input functions                    ; 1           ;
;     -- 4 input functions                    ; 34          ;
;     -- <=3 input functions                  ; 15          ;
;                                             ;             ;
; Dedicated logic registers                   ; 10          ;
;                                             ;             ;
; I/O pins                                    ; 64          ;
;                                             ;             ;
; Total DSP Blocks                            ; 0           ;
;                                             ;             ;
; Maximum fan-out node                        ; SW[1]~input ;
; Maximum fan-out                             ; 22          ;
; Total fan-out                               ; 385         ;
; Average fan-out                             ; 1.93        ;
+---------------------------------------------+-------------+


+----------------------------------------------------------------------------------------------------------------------------------------------------------------------------------------------------------------+
; Analysis & Synthesis Resource Utilization by Entity                                                                                                                                                            ;
+------------------------------+---------------------+---------------------------+-------------------+------------+------+--------------+------------------------------------+--------------------+--------------+
; Compilation Hierarchy Node   ; Combinational ALUTs ; Dedicated Logic Registers ; Block Memory Bits ; DSP Blocks ; Pins ; Virtual Pins ; Full Hierarchy Name                ; Entity Name        ; Library Name ;
+------------------------------+---------------------+---------------------------+-------------------+------------+------+--------------+------------------------------------+--------------------+--------------+
; |top_level                   ; 62 (18)             ; 10 (10)                   ; 0                 ; 0          ; 64   ; 0            ; |top_level                         ; top_level          ; work         ;
;    |hex7seg:h0|              ; 7 (7)               ; 0 (0)                     ; 0                 ; 0          ; 0    ; 0            ; |top_level|hex7seg:h0              ; hex7seg            ; work         ;
;    |hex7seg:h1|              ; 6 (6)               ; 0 (0)                     ; 0                 ; 0          ; 0    ; 0            ; |top_level|hex7seg:h1              ; hex7seg            ; work         ;
;    |hex7seg:h2|              ; 7 (7)               ; 0 (0)                     ; 0                 ; 0          ; 0    ; 0            ; |top_level|hex7seg:h2              ; hex7seg            ; work         ;
;    |hex7seg:h3|              ; 3 (3)               ; 0 (0)                     ; 0                 ; 0          ; 0    ; 0            ; |top_level|hex7seg:h3              ; hex7seg            ; work         ;
;    |hex7seg:h4|              ; 1 (1)               ; 0 (0)                     ; 0                 ; 0          ; 0    ; 0            ; |top_level|hex7seg:h4              ; hex7seg            ; work         ;
;    |hex7seg:h5|              ; 3 (3)               ; 0 (0)                     ; 0                 ; 0          ; 0    ; 0            ; |top_level|hex7seg:h5              ; hex7seg            ; work         ;
;    |instruction_memory:imem| ; 17 (17)             ; 0 (0)                     ; 0                 ; 0          ; 0    ; 0            ; |top_level|instruction_memory:imem ; instruction_memory ; work         ;
+------------------------------+---------------------+---------------------------+-------------------+------------+------+--------------+------------------------------------+--------------------+--------------+
Note: For table entries with two numbers listed, the numbers in parentheses indicate the number of resources of the given type used by the specific entity alone. The numbers listed outside of parentheses indicate the total resources of the given type used by the specific entity and all of its sub-entities in the hierarchy.


+---------------------------------------------------------------------------------------+
; Registers Removed During Synthesis                                                    ;
+-----------------------------------------+---------------------------------------------+
; Register name                           ; Reason for Removal                          ;
+-----------------------------------------+---------------------------------------------+
; registers_unit:reg_unit|regs[31][0]     ; Stuck at VCC due to stuck port clock_enable ;
; registers_unit:reg_unit|regs[0][23]     ; Stuck at GND due to stuck port clock_enable ;
; registers_unit:reg_unit|regs[0][22]     ; Stuck at GND due to stuck port clock_enable ;
; registers_unit:reg_unit|regs[0][21]     ; Stuck at GND due to stuck port clock_enable ;
; registers_unit:reg_unit|regs[0][20]     ; Stuck at GND due to stuck port clock_enable ;
; registers_unit:reg_unit|regs[0][19]     ; Stuck at GND due to stuck port clock_enable ;
; registers_unit:reg_unit|regs[0][18]     ; Stuck at GND due to stuck port clock_enable ;
; registers_unit:reg_unit|regs[0][17]     ; Stuck at GND due to stuck port clock_enable ;
; registers_unit:reg_unit|regs[0][16]     ; Stuck at GND due to stuck port clock_enable ;
; registers_unit:reg_unit|regs[0][15]     ; Stuck at GND due to stuck port clock_enable ;
; registers_unit:reg_unit|regs[0][14]     ; Stuck at GND due to stuck port clock_enable ;
; registers_unit:reg_unit|regs[0][13]     ; Stuck at GND due to stuck port clock_enable ;
; registers_unit:reg_unit|regs[0][12]     ; Stuck at GND due to stuck port clock_enable ;
; registers_unit:reg_unit|regs[0][11]     ; Stuck at GND due to stuck port clock_enable ;
; registers_unit:reg_unit|regs[0][10]     ; Stuck at GND due to stuck port clock_enable ;
; registers_unit:reg_unit|regs[0][9]      ; Stuck at GND due to stuck port clock_enable ;
; registers_unit:reg_unit|regs[0][8]      ; Stuck at GND due to stuck port clock_enable ;
; registers_unit:reg_unit|regs[0][7]      ; Stuck at GND due to stuck port clock_enable ;
; registers_unit:reg_unit|regs[0][6]      ; Stuck at GND due to stuck port clock_enable ;
; registers_unit:reg_unit|regs[0][5]      ; Stuck at GND due to stuck port clock_enable ;
; registers_unit:reg_unit|regs[0][4]      ; Stuck at GND due to stuck port clock_enable ;
; registers_unit:reg_unit|regs[0][3]      ; Stuck at GND due to stuck port clock_enable ;
; registers_unit:reg_unit|regs[0][2]      ; Stuck at GND due to stuck port clock_enable ;
; registers_unit:reg_unit|regs[0][1]      ; Stuck at GND due to stuck port clock_enable ;
; registers_unit:reg_unit|regs[0][0]      ; Stuck at GND due to stuck port clock_enable ;
; registers_unit:reg_unit|regs[1][23]     ; Stuck at GND due to stuck port clock_enable ;
; registers_unit:reg_unit|regs[1][22]     ; Stuck at GND due to stuck port clock_enable ;
; registers_unit:reg_unit|regs[1][21]     ; Stuck at GND due to stuck port clock_enable ;
; registers_unit:reg_unit|regs[1][20]     ; Stuck at GND due to stuck port clock_enable ;
; registers_unit:reg_unit|regs[1][19]     ; Stuck at GND due to stuck port clock_enable ;
; registers_unit:reg_unit|regs[1][18]     ; Stuck at GND due to stuck port clock_enable ;
; registers_unit:reg_unit|regs[1][17]     ; Stuck at GND due to stuck port clock_enable ;
; registers_unit:reg_unit|regs[1][16]     ; Stuck at GND due to stuck port clock_enable ;
; registers_unit:reg_unit|regs[1][15]     ; Stuck at GND due to stuck port clock_enable ;
; registers_unit:reg_unit|regs[1][14]     ; Stuck at GND due to stuck port clock_enable ;
; registers_unit:reg_unit|regs[1][13]     ; Stuck at GND due to stuck port clock_enable ;
; registers_unit:reg_unit|regs[1][12]     ; Stuck at GND due to stuck port clock_enable ;
; registers_unit:reg_unit|regs[1][11]     ; Stuck at GND due to stuck port clock_enable ;
; registers_unit:reg_unit|regs[1][10]     ; Stuck at GND due to stuck port clock_enable ;
; registers_unit:reg_unit|regs[1][9]      ; Stuck at GND due to stuck port clock_enable ;
; registers_unit:reg_unit|regs[1][8]      ; Stuck at GND due to stuck port clock_enable ;
; registers_unit:reg_unit|regs[1][7]      ; Stuck at GND due to stuck port clock_enable ;
; registers_unit:reg_unit|regs[1][6]      ; Stuck at GND due to stuck port clock_enable ;
; registers_unit:reg_unit|regs[1][5]      ; Stuck at GND due to stuck port clock_enable ;
; registers_unit:reg_unit|regs[1][4]      ; Stuck at GND due to stuck port clock_enable ;
; registers_unit:reg_unit|regs[1][3]      ; Stuck at GND due to stuck port clock_enable ;
; registers_unit:reg_unit|regs[1][2]      ; Stuck at GND due to stuck port clock_enable ;
; registers_unit:reg_unit|regs[1][1]      ; Stuck at GND due to stuck port clock_enable ;
; registers_unit:reg_unit|regs[1][0]      ; Stuck at VCC due to stuck port clock_enable ;
; registers_unit:reg_unit|regs[2][23]     ; Stuck at GND due to stuck port clock_enable ;
; registers_unit:reg_unit|regs[2][22]     ; Stuck at GND due to stuck port clock_enable ;
; registers_unit:reg_unit|regs[2][21]     ; Stuck at GND due to stuck port clock_enable ;
; registers_unit:reg_unit|regs[2][20]     ; Stuck at GND due to stuck port clock_enable ;
; registers_unit:reg_unit|regs[2][19]     ; Stuck at GND due to stuck port clock_enable ;
; registers_unit:reg_unit|regs[2][18]     ; Stuck at GND due to stuck port clock_enable ;
; registers_unit:reg_unit|regs[2][17]     ; Stuck at GND due to stuck port clock_enable ;
; registers_unit:reg_unit|regs[2][16]     ; Stuck at GND due to stuck port clock_enable ;
; registers_unit:reg_unit|regs[2][15]     ; Stuck at GND due to stuck port clock_enable ;
; registers_unit:reg_unit|regs[2][14]     ; Stuck at GND due to stuck port clock_enable ;
; registers_unit:reg_unit|regs[2][13]     ; Stuck at GND due to stuck port clock_enable ;
; registers_unit:reg_unit|regs[2][12]     ; Stuck at GND due to stuck port clock_enable ;
; registers_unit:reg_unit|regs[2][11]     ; Stuck at GND due to stuck port clock_enable ;
; registers_unit:reg_unit|regs[2][10]     ; Stuck at GND due to stuck port clock_enable ;
; registers_unit:reg_unit|regs[2][9]      ; Stuck at GND due to stuck port clock_enable ;
; registers_unit:reg_unit|regs[2][8]      ; Stuck at GND due to stuck port clock_enable ;
; registers_unit:reg_unit|regs[2][7]      ; Stuck at GND due to stuck port clock_enable ;
; registers_unit:reg_unit|regs[2][6]      ; Stuck at GND due to stuck port clock_enable ;
; registers_unit:reg_unit|regs[2][5]      ; Stuck at GND due to stuck port clock_enable ;
; registers_unit:reg_unit|regs[2][4]      ; Stuck at GND due to stuck port clock_enable ;
; registers_unit:reg_unit|regs[2][3]      ; Stuck at GND due to stuck port clock_enable ;
; registers_unit:reg_unit|regs[2][2]      ; Stuck at GND due to stuck port clock_enable ;
; registers_unit:reg_unit|regs[2][1]      ; Stuck at VCC due to stuck port clock_enable ;
; registers_unit:reg_unit|regs[2][0]      ; Stuck at GND due to stuck port clock_enable ;
; registers_unit:reg_unit|regs[3][23]     ; Stuck at GND due to stuck port clock_enable ;
; registers_unit:reg_unit|regs[3][22]     ; Stuck at GND due to stuck port clock_enable ;
; registers_unit:reg_unit|regs[3][21]     ; Stuck at GND due to stuck port clock_enable ;
; registers_unit:reg_unit|regs[3][20]     ; Stuck at GND due to stuck port clock_enable ;
; registers_unit:reg_unit|regs[3][19]     ; Stuck at GND due to stuck port clock_enable ;
; registers_unit:reg_unit|regs[3][18]     ; Stuck at GND due to stuck port clock_enable ;
; registers_unit:reg_unit|regs[3][17]     ; Stuck at GND due to stuck port clock_enable ;
; registers_unit:reg_unit|regs[3][16]     ; Stuck at GND due to stuck port clock_enable ;
; registers_unit:reg_unit|regs[3][15]     ; Stuck at GND due to stuck port clock_enable ;
; registers_unit:reg_unit|regs[3][14]     ; Stuck at GND due to stuck port clock_enable ;
; registers_unit:reg_unit|regs[3][13]     ; Stuck at GND due to stuck port clock_enable ;
; registers_unit:reg_unit|regs[3][12]     ; Stuck at GND due to stuck port clock_enable ;
; registers_unit:reg_unit|regs[3][11]     ; Stuck at GND due to stuck port clock_enable ;
; registers_unit:reg_unit|regs[3][10]     ; Stuck at GND due to stuck port clock_enable ;
; registers_unit:reg_unit|regs[3][9]      ; Stuck at GND due to stuck port clock_enable ;
; registers_unit:reg_unit|regs[3][8]      ; Stuck at GND due to stuck port clock_enable ;
; registers_unit:reg_unit|regs[3][7]      ; Stuck at GND due to stuck port clock_enable ;
; registers_unit:reg_unit|regs[3][6]      ; Stuck at GND due to stuck port clock_enable ;
; registers_unit:reg_unit|regs[3][5]      ; Stuck at GND due to stuck port clock_enable ;
; registers_unit:reg_unit|regs[3][4]      ; Stuck at GND due to stuck port clock_enable ;
; registers_unit:reg_unit|regs[3][3]      ; Stuck at GND due to stuck port clock_enable ;
; registers_unit:reg_unit|regs[3][2]      ; Stuck at GND due to stuck port clock_enable ;
; registers_unit:reg_unit|regs[3][1]      ; Stuck at VCC due to stuck port clock_enable ;
; registers_unit:reg_unit|regs[3][0]      ; Stuck at VCC due to stuck port clock_enable ;
; registers_unit:reg_unit|regs[4][23]     ; Stuck at GND due to stuck port clock_enable ;
; registers_unit:reg_unit|regs[4][22]     ; Stuck at GND due to stuck port clock_enable ;
; registers_unit:reg_unit|regs[4][21]     ; Stuck at GND due to stuck port clock_enable ;
; registers_unit:reg_unit|regs[4][20]     ; Stuck at GND due to stuck port clock_enable ;
; registers_unit:reg_unit|regs[4][19]     ; Stuck at GND due to stuck port clock_enable ;
; registers_unit:reg_unit|regs[4][18]     ; Stuck at GND due to stuck port clock_enable ;
; registers_unit:reg_unit|regs[4][17]     ; Stuck at GND due to stuck port clock_enable ;
; registers_unit:reg_unit|regs[4][16]     ; Stuck at GND due to stuck port clock_enable ;
; registers_unit:reg_unit|regs[4][15]     ; Stuck at GND due to stuck port clock_enable ;
; registers_unit:reg_unit|regs[4][14]     ; Stuck at GND due to stuck port clock_enable ;
; registers_unit:reg_unit|regs[4][13]     ; Stuck at GND due to stuck port clock_enable ;
; registers_unit:reg_unit|regs[4][12]     ; Stuck at GND due to stuck port clock_enable ;
; registers_unit:reg_unit|regs[4][11]     ; Stuck at GND due to stuck port clock_enable ;
; registers_unit:reg_unit|regs[4][10]     ; Stuck at GND due to stuck port clock_enable ;
; registers_unit:reg_unit|regs[4][9]      ; Stuck at GND due to stuck port clock_enable ;
; registers_unit:reg_unit|regs[4][8]      ; Stuck at GND due to stuck port clock_enable ;
; registers_unit:reg_unit|regs[4][7]      ; Stuck at GND due to stuck port clock_enable ;
; registers_unit:reg_unit|regs[4][6]      ; Stuck at GND due to stuck port clock_enable ;
; registers_unit:reg_unit|regs[4][5]      ; Stuck at GND due to stuck port clock_enable ;
; registers_unit:reg_unit|regs[4][4]      ; Stuck at GND due to stuck port clock_enable ;
; registers_unit:reg_unit|regs[4][3]      ; Stuck at GND due to stuck port clock_enable ;
; registers_unit:reg_unit|regs[4][2]      ; Stuck at VCC due to stuck port clock_enable ;
; registers_unit:reg_unit|regs[4][1]      ; Stuck at GND due to stuck port clock_enable ;
; registers_unit:reg_unit|regs[4][0]      ; Stuck at GND due to stuck port clock_enable ;
; registers_unit:reg_unit|regs[5][23]     ; Stuck at GND due to stuck port clock_enable ;
; registers_unit:reg_unit|regs[5][22]     ; Stuck at GND due to stuck port clock_enable ;
; registers_unit:reg_unit|regs[5][21]     ; Stuck at GND due to stuck port clock_enable ;
; registers_unit:reg_unit|regs[5][20]     ; Stuck at GND due to stuck port clock_enable ;
; registers_unit:reg_unit|regs[5][19]     ; Stuck at GND due to stuck port clock_enable ;
; registers_unit:reg_unit|regs[5][18]     ; Stuck at GND due to stuck port clock_enable ;
; registers_unit:reg_unit|regs[5][17]     ; Stuck at GND due to stuck port clock_enable ;
; registers_unit:reg_unit|regs[5][16]     ; Stuck at GND due to stuck port clock_enable ;
; registers_unit:reg_unit|regs[5][15]     ; Stuck at GND due to stuck port clock_enable ;
; registers_unit:reg_unit|regs[5][14]     ; Stuck at GND due to stuck port clock_enable ;
; registers_unit:reg_unit|regs[5][13]     ; Stuck at GND due to stuck port clock_enable ;
; registers_unit:reg_unit|regs[5][12]     ; Stuck at GND due to stuck port clock_enable ;
; registers_unit:reg_unit|regs[5][11]     ; Stuck at GND due to stuck port clock_enable ;
; registers_unit:reg_unit|regs[5][10]     ; Stuck at GND due to stuck port clock_enable ;
; registers_unit:reg_unit|regs[5][9]      ; Stuck at GND due to stuck port clock_enable ;
; registers_unit:reg_unit|regs[5][8]      ; Stuck at GND due to stuck port clock_enable ;
; registers_unit:reg_unit|regs[5][7]      ; Stuck at GND due to stuck port clock_enable ;
; registers_unit:reg_unit|regs[5][6]      ; Stuck at GND due to stuck port clock_enable ;
; registers_unit:reg_unit|regs[5][5]      ; Stuck at GND due to stuck port clock_enable ;
; registers_unit:reg_unit|regs[5][4]      ; Stuck at GND due to stuck port clock_enable ;
; registers_unit:reg_unit|regs[5][3]      ; Stuck at GND due to stuck port clock_enable ;
; registers_unit:reg_unit|regs[5][2]      ; Stuck at VCC due to stuck port clock_enable ;
; registers_unit:reg_unit|regs[5][1]      ; Stuck at GND due to stuck port clock_enable ;
; registers_unit:reg_unit|regs[5][0]      ; Stuck at VCC due to stuck port clock_enable ;
; registers_unit:reg_unit|regs[6][23]     ; Stuck at GND due to stuck port clock_enable ;
; registers_unit:reg_unit|regs[6][22]     ; Stuck at GND due to stuck port clock_enable ;
; registers_unit:reg_unit|regs[6][21]     ; Stuck at GND due to stuck port clock_enable ;
; registers_unit:reg_unit|regs[6][20]     ; Stuck at GND due to stuck port clock_enable ;
; registers_unit:reg_unit|regs[6][19]     ; Stuck at GND due to stuck port clock_enable ;
; registers_unit:reg_unit|regs[6][18]     ; Stuck at GND due to stuck port clock_enable ;
; registers_unit:reg_unit|regs[6][17]     ; Stuck at GND due to stuck port clock_enable ;
; registers_unit:reg_unit|regs[6][16]     ; Stuck at GND due to stuck port clock_enable ;
; registers_unit:reg_unit|regs[6][15]     ; Stuck at GND due to stuck port clock_enable ;
; registers_unit:reg_unit|regs[6][14]     ; Stuck at GND due to stuck port clock_enable ;
; registers_unit:reg_unit|regs[6][13]     ; Stuck at GND due to stuck port clock_enable ;
; registers_unit:reg_unit|regs[6][12]     ; Stuck at GND due to stuck port clock_enable ;
; registers_unit:reg_unit|regs[6][11]     ; Stuck at GND due to stuck port clock_enable ;
; registers_unit:reg_unit|regs[6][10]     ; Stuck at GND due to stuck port clock_enable ;
; registers_unit:reg_unit|regs[6][9]      ; Stuck at GND due to stuck port clock_enable ;
; registers_unit:reg_unit|regs[6][8]      ; Stuck at GND due to stuck port clock_enable ;
; registers_unit:reg_unit|regs[6][7]      ; Stuck at GND due to stuck port clock_enable ;
; registers_unit:reg_unit|regs[6][6]      ; Stuck at GND due to stuck port clock_enable ;
; registers_unit:reg_unit|regs[6][5]      ; Stuck at GND due to stuck port clock_enable ;
; registers_unit:reg_unit|regs[6][4]      ; Stuck at GND due to stuck port clock_enable ;
; registers_unit:reg_unit|regs[6][3]      ; Stuck at GND due to stuck port clock_enable ;
; registers_unit:reg_unit|regs[6][2]      ; Stuck at VCC due to stuck port clock_enable ;
; registers_unit:reg_unit|regs[6][1]      ; Stuck at VCC due to stuck port clock_enable ;
; registers_unit:reg_unit|regs[6][0]      ; Stuck at GND due to stuck port clock_enable ;
; registers_unit:reg_unit|regs[7][23]     ; Stuck at GND due to stuck port clock_enable ;
; registers_unit:reg_unit|regs[7][22]     ; Stuck at GND due to stuck port clock_enable ;
; registers_unit:reg_unit|regs[7][21]     ; Stuck at GND due to stuck port clock_enable ;
; registers_unit:reg_unit|regs[7][20]     ; Stuck at GND due to stuck port clock_enable ;
; registers_unit:reg_unit|regs[7][19]     ; Stuck at GND due to stuck port clock_enable ;
; registers_unit:reg_unit|regs[7][18]     ; Stuck at GND due to stuck port clock_enable ;
; registers_unit:reg_unit|regs[7][17]     ; Stuck at GND due to stuck port clock_enable ;
; registers_unit:reg_unit|regs[7][16]     ; Stuck at GND due to stuck port clock_enable ;
; registers_unit:reg_unit|regs[7][15]     ; Stuck at GND due to stuck port clock_enable ;
; registers_unit:reg_unit|regs[7][14]     ; Stuck at GND due to stuck port clock_enable ;
; registers_unit:reg_unit|regs[7][13]     ; Stuck at GND due to stuck port clock_enable ;
; registers_unit:reg_unit|regs[7][12]     ; Stuck at GND due to stuck port clock_enable ;
; registers_unit:reg_unit|regs[7][11]     ; Stuck at GND due to stuck port clock_enable ;
; registers_unit:reg_unit|regs[7][10]     ; Stuck at GND due to stuck port clock_enable ;
; registers_unit:reg_unit|regs[7][9]      ; Stuck at GND due to stuck port clock_enable ;
; registers_unit:reg_unit|regs[7][8]      ; Stuck at GND due to stuck port clock_enable ;
; registers_unit:reg_unit|regs[7][7]      ; Stuck at GND due to stuck port clock_enable ;
; registers_unit:reg_unit|regs[7][6]      ; Stuck at GND due to stuck port clock_enable ;
; registers_unit:reg_unit|regs[7][5]      ; Stuck at GND due to stuck port clock_enable ;
; registers_unit:reg_unit|regs[7][4]      ; Stuck at GND due to stuck port clock_enable ;
; registers_unit:reg_unit|regs[7][3]      ; Stuck at GND due to stuck port clock_enable ;
; registers_unit:reg_unit|regs[7][2]      ; Stuck at VCC due to stuck port clock_enable ;
; registers_unit:reg_unit|regs[7][1]      ; Stuck at VCC due to stuck port clock_enable ;
; registers_unit:reg_unit|regs[7][0]      ; Stuck at VCC due to stuck port clock_enable ;
; registers_unit:reg_unit|regs[8][23]     ; Stuck at GND due to stuck port clock_enable ;
; registers_unit:reg_unit|regs[8][22]     ; Stuck at GND due to stuck port clock_enable ;
; registers_unit:reg_unit|regs[8][21]     ; Stuck at GND due to stuck port clock_enable ;
; registers_unit:reg_unit|regs[8][20]     ; Stuck at GND due to stuck port clock_enable ;
; registers_unit:reg_unit|regs[8][19]     ; Stuck at GND due to stuck port clock_enable ;
; registers_unit:reg_unit|regs[8][18]     ; Stuck at GND due to stuck port clock_enable ;
; registers_unit:reg_unit|regs[8][17]     ; Stuck at GND due to stuck port clock_enable ;
; registers_unit:reg_unit|regs[8][16]     ; Stuck at GND due to stuck port clock_enable ;
; registers_unit:reg_unit|regs[8][15]     ; Stuck at GND due to stuck port clock_enable ;
; registers_unit:reg_unit|regs[8][14]     ; Stuck at GND due to stuck port clock_enable ;
; registers_unit:reg_unit|regs[8][13]     ; Stuck at GND due to stuck port clock_enable ;
; registers_unit:reg_unit|regs[8][12]     ; Stuck at GND due to stuck port clock_enable ;
; registers_unit:reg_unit|regs[8][11]     ; Stuck at GND due to stuck port clock_enable ;
; registers_unit:reg_unit|regs[8][10]     ; Stuck at GND due to stuck port clock_enable ;
; registers_unit:reg_unit|regs[8][9]      ; Stuck at GND due to stuck port clock_enable ;
; registers_unit:reg_unit|regs[8][8]      ; Stuck at GND due to stuck port clock_enable ;
; registers_unit:reg_unit|regs[8][7]      ; Stuck at GND due to stuck port clock_enable ;
; registers_unit:reg_unit|regs[8][6]      ; Stuck at GND due to stuck port clock_enable ;
; registers_unit:reg_unit|regs[8][5]      ; Stuck at GND due to stuck port clock_enable ;
; registers_unit:reg_unit|regs[8][4]      ; Stuck at GND due to stuck port clock_enable ;
; registers_unit:reg_unit|regs[8][3]      ; Stuck at VCC due to stuck port clock_enable ;
; registers_unit:reg_unit|regs[8][2]      ; Stuck at GND due to stuck port clock_enable ;
; registers_unit:reg_unit|regs[8][1]      ; Stuck at GND due to stuck port clock_enable ;
; registers_unit:reg_unit|regs[8][0]      ; Stuck at GND due to stuck port clock_enable ;
; registers_unit:reg_unit|regs[9][23]     ; Stuck at GND due to stuck port clock_enable ;
; registers_unit:reg_unit|regs[9][22]     ; Stuck at GND due to stuck port clock_enable ;
; registers_unit:reg_unit|regs[9][21]     ; Stuck at GND due to stuck port clock_enable ;
; registers_unit:reg_unit|regs[9][20]     ; Stuck at GND due to stuck port clock_enable ;
; registers_unit:reg_unit|regs[9][19]     ; Stuck at GND due to stuck port clock_enable ;
; registers_unit:reg_unit|regs[9][18]     ; Stuck at GND due to stuck port clock_enable ;
; registers_unit:reg_unit|regs[9][17]     ; Stuck at GND due to stuck port clock_enable ;
; registers_unit:reg_unit|regs[9][16]     ; Stuck at GND due to stuck port clock_enable ;
; registers_unit:reg_unit|regs[9][15]     ; Stuck at GND due to stuck port clock_enable ;
; registers_unit:reg_unit|regs[9][14]     ; Stuck at GND due to stuck port clock_enable ;
; registers_unit:reg_unit|regs[9][13]     ; Stuck at GND due to stuck port clock_enable ;
; registers_unit:reg_unit|regs[9][12]     ; Stuck at GND due to stuck port clock_enable ;
; registers_unit:reg_unit|regs[9][11]     ; Stuck at GND due to stuck port clock_enable ;
; registers_unit:reg_unit|regs[9][10]     ; Stuck at GND due to stuck port clock_enable ;
; registers_unit:reg_unit|regs[9][9]      ; Stuck at GND due to stuck port clock_enable ;
; registers_unit:reg_unit|regs[9][8]      ; Stuck at GND due to stuck port clock_enable ;
; registers_unit:reg_unit|regs[9][7]      ; Stuck at GND due to stuck port clock_enable ;
; registers_unit:reg_unit|regs[9][6]      ; Stuck at GND due to stuck port clock_enable ;
; registers_unit:reg_unit|regs[9][5]      ; Stuck at GND due to stuck port clock_enable ;
; registers_unit:reg_unit|regs[9][4]      ; Stuck at GND due to stuck port clock_enable ;
; registers_unit:reg_unit|regs[9][3]      ; Stuck at VCC due to stuck port clock_enable ;
; registers_unit:reg_unit|regs[9][2]      ; Stuck at GND due to stuck port clock_enable ;
; registers_unit:reg_unit|regs[9][1]      ; Stuck at GND due to stuck port clock_enable ;
; registers_unit:reg_unit|regs[9][0]      ; Stuck at VCC due to stuck port clock_enable ;
; registers_unit:reg_unit|regs[10][23]    ; Stuck at GND due to stuck port clock_enable ;
; registers_unit:reg_unit|regs[10][22]    ; Stuck at GND due to stuck port clock_enable ;
; registers_unit:reg_unit|regs[10][21]    ; Stuck at GND due to stuck port clock_enable ;
; registers_unit:reg_unit|regs[10][20]    ; Stuck at GND due to stuck port clock_enable ;
; registers_unit:reg_unit|regs[10][19]    ; Stuck at GND due to stuck port clock_enable ;
; registers_unit:reg_unit|regs[10][18]    ; Stuck at GND due to stuck port clock_enable ;
; registers_unit:reg_unit|regs[10][17]    ; Stuck at GND due to stuck port clock_enable ;
; registers_unit:reg_unit|regs[10][16]    ; Stuck at GND due to stuck port clock_enable ;
; registers_unit:reg_unit|regs[10][15]    ; Stuck at GND due to stuck port clock_enable ;
; registers_unit:reg_unit|regs[10][14]    ; Stuck at GND due to stuck port clock_enable ;
; registers_unit:reg_unit|regs[10][13]    ; Stuck at GND due to stuck port clock_enable ;
; registers_unit:reg_unit|regs[10][12]    ; Stuck at GND due to stuck port clock_enable ;
; registers_unit:reg_unit|regs[10][11]    ; Stuck at GND due to stuck port clock_enable ;
; registers_unit:reg_unit|regs[10][10]    ; Stuck at GND due to stuck port clock_enable ;
; registers_unit:reg_unit|regs[10][9]     ; Stuck at GND due to stuck port clock_enable ;
; registers_unit:reg_unit|regs[10][8]     ; Stuck at GND due to stuck port clock_enable ;
; registers_unit:reg_unit|regs[10][7]     ; Stuck at GND due to stuck port clock_enable ;
; registers_unit:reg_unit|regs[10][6]     ; Stuck at GND due to stuck port clock_enable ;
; registers_unit:reg_unit|regs[10][5]     ; Stuck at GND due to stuck port clock_enable ;
; registers_unit:reg_unit|regs[10][4]     ; Stuck at GND due to stuck port clock_enable ;
; registers_unit:reg_unit|regs[10][3]     ; Stuck at VCC due to stuck port clock_enable ;
; registers_unit:reg_unit|regs[10][2]     ; Stuck at GND due to stuck port clock_enable ;
; registers_unit:reg_unit|regs[10][1]     ; Stuck at VCC due to stuck port clock_enable ;
; registers_unit:reg_unit|regs[10][0]     ; Stuck at GND due to stuck port clock_enable ;
; registers_unit:reg_unit|regs[11][23]    ; Stuck at GND due to stuck port clock_enable ;
; registers_unit:reg_unit|regs[11][22]    ; Stuck at GND due to stuck port clock_enable ;
; registers_unit:reg_unit|regs[11][21]    ; Stuck at GND due to stuck port clock_enable ;
; registers_unit:reg_unit|regs[11][20]    ; Stuck at GND due to stuck port clock_enable ;
; registers_unit:reg_unit|regs[11][19]    ; Stuck at GND due to stuck port clock_enable ;
; registers_unit:reg_unit|regs[11][18]    ; Stuck at GND due to stuck port clock_enable ;
; registers_unit:reg_unit|regs[11][17]    ; Stuck at GND due to stuck port clock_enable ;
; registers_unit:reg_unit|regs[11][16]    ; Stuck at GND due to stuck port clock_enable ;
; registers_unit:reg_unit|regs[11][15]    ; Stuck at GND due to stuck port clock_enable ;
; registers_unit:reg_unit|regs[11][14]    ; Stuck at GND due to stuck port clock_enable ;
; registers_unit:reg_unit|regs[11][13]    ; Stuck at GND due to stuck port clock_enable ;
; registers_unit:reg_unit|regs[11][12]    ; Stuck at GND due to stuck port clock_enable ;
; registers_unit:reg_unit|regs[11][11]    ; Stuck at GND due to stuck port clock_enable ;
; registers_unit:reg_unit|regs[11][10]    ; Stuck at GND due to stuck port clock_enable ;
; registers_unit:reg_unit|regs[11][9]     ; Stuck at GND due to stuck port clock_enable ;
; registers_unit:reg_unit|regs[11][8]     ; Stuck at GND due to stuck port clock_enable ;
; registers_unit:reg_unit|regs[11][7]     ; Stuck at GND due to stuck port clock_enable ;
; registers_unit:reg_unit|regs[11][6]     ; Stuck at GND due to stuck port clock_enable ;
; registers_unit:reg_unit|regs[11][5]     ; Stuck at GND due to stuck port clock_enable ;
; registers_unit:reg_unit|regs[11][4]     ; Stuck at GND due to stuck port clock_enable ;
; registers_unit:reg_unit|regs[11][3]     ; Stuck at VCC due to stuck port clock_enable ;
; registers_unit:reg_unit|regs[11][2]     ; Stuck at GND due to stuck port clock_enable ;
; registers_unit:reg_unit|regs[11][1]     ; Stuck at VCC due to stuck port clock_enable ;
; registers_unit:reg_unit|regs[11][0]     ; Stuck at VCC due to stuck port clock_enable ;
; registers_unit:reg_unit|regs[12][23]    ; Stuck at GND due to stuck port clock_enable ;
; registers_unit:reg_unit|regs[12][22]    ; Stuck at GND due to stuck port clock_enable ;
; registers_unit:reg_unit|regs[12][21]    ; Stuck at GND due to stuck port clock_enable ;
; registers_unit:reg_unit|regs[12][20]    ; Stuck at GND due to stuck port clock_enable ;
; registers_unit:reg_unit|regs[12][19]    ; Stuck at GND due to stuck port clock_enable ;
; registers_unit:reg_unit|regs[12][18]    ; Stuck at GND due to stuck port clock_enable ;
; registers_unit:reg_unit|regs[12][17]    ; Stuck at GND due to stuck port clock_enable ;
; registers_unit:reg_unit|regs[12][16]    ; Stuck at GND due to stuck port clock_enable ;
; registers_unit:reg_unit|regs[12][15]    ; Stuck at GND due to stuck port clock_enable ;
; registers_unit:reg_unit|regs[12][14]    ; Stuck at GND due to stuck port clock_enable ;
; registers_unit:reg_unit|regs[12][13]    ; Stuck at GND due to stuck port clock_enable ;
; registers_unit:reg_unit|regs[12][12]    ; Stuck at GND due to stuck port clock_enable ;
; registers_unit:reg_unit|regs[12][11]    ; Stuck at GND due to stuck port clock_enable ;
; registers_unit:reg_unit|regs[12][10]    ; Stuck at GND due to stuck port clock_enable ;
; registers_unit:reg_unit|regs[12][9]     ; Stuck at GND due to stuck port clock_enable ;
; registers_unit:reg_unit|regs[12][8]     ; Stuck at GND due to stuck port clock_enable ;
; registers_unit:reg_unit|regs[12][7]     ; Stuck at GND due to stuck port clock_enable ;
; registers_unit:reg_unit|regs[12][6]     ; Stuck at GND due to stuck port clock_enable ;
; registers_unit:reg_unit|regs[12][5]     ; Stuck at GND due to stuck port clock_enable ;
; registers_unit:reg_unit|regs[12][4]     ; Stuck at GND due to stuck port clock_enable ;
; registers_unit:reg_unit|regs[12][3]     ; Stuck at VCC due to stuck port clock_enable ;
; registers_unit:reg_unit|regs[12][2]     ; Stuck at VCC due to stuck port clock_enable ;
; registers_unit:reg_unit|regs[12][1]     ; Stuck at GND due to stuck port clock_enable ;
; registers_unit:reg_unit|regs[12][0]     ; Stuck at GND due to stuck port clock_enable ;
; registers_unit:reg_unit|regs[13][23]    ; Stuck at GND due to stuck port clock_enable ;
; registers_unit:reg_unit|regs[13][22]    ; Stuck at GND due to stuck port clock_enable ;
; registers_unit:reg_unit|regs[13][21]    ; Stuck at GND due to stuck port clock_enable ;
; registers_unit:reg_unit|regs[13][20]    ; Stuck at GND due to stuck port clock_enable ;
; registers_unit:reg_unit|regs[13][19]    ; Stuck at GND due to stuck port clock_enable ;
; registers_unit:reg_unit|regs[13][18]    ; Stuck at GND due to stuck port clock_enable ;
; registers_unit:reg_unit|regs[13][17]    ; Stuck at GND due to stuck port clock_enable ;
; registers_unit:reg_unit|regs[13][16]    ; Stuck at GND due to stuck port clock_enable ;
; registers_unit:reg_unit|regs[13][15]    ; Stuck at GND due to stuck port clock_enable ;
; registers_unit:reg_unit|regs[13][14]    ; Stuck at GND due to stuck port clock_enable ;
; registers_unit:reg_unit|regs[13][13]    ; Stuck at GND due to stuck port clock_enable ;
; registers_unit:reg_unit|regs[13][12]    ; Stuck at GND due to stuck port clock_enable ;
; registers_unit:reg_unit|regs[13][11]    ; Stuck at GND due to stuck port clock_enable ;
; registers_unit:reg_unit|regs[13][10]    ; Stuck at GND due to stuck port clock_enable ;
; registers_unit:reg_unit|regs[13][9]     ; Stuck at GND due to stuck port clock_enable ;
; registers_unit:reg_unit|regs[13][8]     ; Stuck at GND due to stuck port clock_enable ;
; registers_unit:reg_unit|regs[13][7]     ; Stuck at GND due to stuck port clock_enable ;
; registers_unit:reg_unit|regs[13][6]     ; Stuck at GND due to stuck port clock_enable ;
; registers_unit:reg_unit|regs[13][5]     ; Stuck at GND due to stuck port clock_enable ;
; registers_unit:reg_unit|regs[13][4]     ; Stuck at GND due to stuck port clock_enable ;
; registers_unit:reg_unit|regs[13][3]     ; Stuck at VCC due to stuck port clock_enable ;
; registers_unit:reg_unit|regs[13][2]     ; Stuck at VCC due to stuck port clock_enable ;
; registers_unit:reg_unit|regs[13][1]     ; Stuck at GND due to stuck port clock_enable ;
; registers_unit:reg_unit|regs[13][0]     ; Stuck at VCC due to stuck port clock_enable ;
; registers_unit:reg_unit|regs[14][23]    ; Stuck at GND due to stuck port clock_enable ;
; registers_unit:reg_unit|regs[14][22]    ; Stuck at GND due to stuck port clock_enable ;
; registers_unit:reg_unit|regs[14][21]    ; Stuck at GND due to stuck port clock_enable ;
; registers_unit:reg_unit|regs[14][20]    ; Stuck at GND due to stuck port clock_enable ;
; registers_unit:reg_unit|regs[14][19]    ; Stuck at GND due to stuck port clock_enable ;
; registers_unit:reg_unit|regs[14][18]    ; Stuck at GND due to stuck port clock_enable ;
; registers_unit:reg_unit|regs[14][17]    ; Stuck at GND due to stuck port clock_enable ;
; registers_unit:reg_unit|regs[14][16]    ; Stuck at GND due to stuck port clock_enable ;
; registers_unit:reg_unit|regs[14][15]    ; Stuck at GND due to stuck port clock_enable ;
; registers_unit:reg_unit|regs[14][14]    ; Stuck at GND due to stuck port clock_enable ;
; registers_unit:reg_unit|regs[14][13]    ; Stuck at GND due to stuck port clock_enable ;
; registers_unit:reg_unit|regs[14][12]    ; Stuck at GND due to stuck port clock_enable ;
; registers_unit:reg_unit|regs[14][11]    ; Stuck at GND due to stuck port clock_enable ;
; registers_unit:reg_unit|regs[14][10]    ; Stuck at GND due to stuck port clock_enable ;
; registers_unit:reg_unit|regs[14][9]     ; Stuck at GND due to stuck port clock_enable ;
; registers_unit:reg_unit|regs[14][8]     ; Stuck at GND due to stuck port clock_enable ;
; registers_unit:reg_unit|regs[14][7]     ; Stuck at GND due to stuck port clock_enable ;
; registers_unit:reg_unit|regs[14][6]     ; Stuck at GND due to stuck port clock_enable ;
; registers_unit:reg_unit|regs[14][5]     ; Stuck at GND due to stuck port clock_enable ;
; registers_unit:reg_unit|regs[14][4]     ; Stuck at GND due to stuck port clock_enable ;
; registers_unit:reg_unit|regs[14][3]     ; Stuck at VCC due to stuck port clock_enable ;
; registers_unit:reg_unit|regs[14][2]     ; Stuck at VCC due to stuck port clock_enable ;
; registers_unit:reg_unit|regs[14][1]     ; Stuck at VCC due to stuck port clock_enable ;
; registers_unit:reg_unit|regs[14][0]     ; Stuck at GND due to stuck port clock_enable ;
; registers_unit:reg_unit|regs[15][23]    ; Stuck at GND due to stuck port clock_enable ;
; registers_unit:reg_unit|regs[15][22]    ; Stuck at GND due to stuck port clock_enable ;
; registers_unit:reg_unit|regs[15][21]    ; Stuck at GND due to stuck port clock_enable ;
; registers_unit:reg_unit|regs[15][20]    ; Stuck at GND due to stuck port clock_enable ;
; registers_unit:reg_unit|regs[15][19]    ; Stuck at GND due to stuck port clock_enable ;
; registers_unit:reg_unit|regs[15][18]    ; Stuck at GND due to stuck port clock_enable ;
; registers_unit:reg_unit|regs[15][17]    ; Stuck at GND due to stuck port clock_enable ;
; registers_unit:reg_unit|regs[15][16]    ; Stuck at GND due to stuck port clock_enable ;
; registers_unit:reg_unit|regs[15][15]    ; Stuck at GND due to stuck port clock_enable ;
; registers_unit:reg_unit|regs[15][14]    ; Stuck at GND due to stuck port clock_enable ;
; registers_unit:reg_unit|regs[15][13]    ; Stuck at GND due to stuck port clock_enable ;
; registers_unit:reg_unit|regs[15][12]    ; Stuck at GND due to stuck port clock_enable ;
; registers_unit:reg_unit|regs[15][11]    ; Stuck at GND due to stuck port clock_enable ;
; registers_unit:reg_unit|regs[15][10]    ; Stuck at GND due to stuck port clock_enable ;
; registers_unit:reg_unit|regs[15][9]     ; Stuck at GND due to stuck port clock_enable ;
; registers_unit:reg_unit|regs[15][8]     ; Stuck at GND due to stuck port clock_enable ;
; registers_unit:reg_unit|regs[15][7]     ; Stuck at GND due to stuck port clock_enable ;
; registers_unit:reg_unit|regs[15][6]     ; Stuck at GND due to stuck port clock_enable ;
; registers_unit:reg_unit|regs[15][5]     ; Stuck at GND due to stuck port clock_enable ;
; registers_unit:reg_unit|regs[15][4]     ; Stuck at GND due to stuck port clock_enable ;
; registers_unit:reg_unit|regs[15][3]     ; Stuck at VCC due to stuck port clock_enable ;
; registers_unit:reg_unit|regs[15][2]     ; Stuck at VCC due to stuck port clock_enable ;
; registers_unit:reg_unit|regs[15][1]     ; Stuck at VCC due to stuck port clock_enable ;
; registers_unit:reg_unit|regs[15][0]     ; Stuck at VCC due to stuck port clock_enable ;
; registers_unit:reg_unit|regs[16][23]    ; Stuck at GND due to stuck port clock_enable ;
; registers_unit:reg_unit|regs[16][22]    ; Stuck at GND due to stuck port clock_enable ;
; registers_unit:reg_unit|regs[16][21]    ; Stuck at GND due to stuck port clock_enable ;
; registers_unit:reg_unit|regs[16][20]    ; Stuck at GND due to stuck port clock_enable ;
; registers_unit:reg_unit|regs[16][19]    ; Stuck at GND due to stuck port clock_enable ;
; registers_unit:reg_unit|regs[16][18]    ; Stuck at GND due to stuck port clock_enable ;
; registers_unit:reg_unit|regs[16][17]    ; Stuck at GND due to stuck port clock_enable ;
; registers_unit:reg_unit|regs[16][16]    ; Stuck at GND due to stuck port clock_enable ;
; registers_unit:reg_unit|regs[16][15]    ; Stuck at GND due to stuck port clock_enable ;
; registers_unit:reg_unit|regs[16][14]    ; Stuck at GND due to stuck port clock_enable ;
; registers_unit:reg_unit|regs[16][13]    ; Stuck at GND due to stuck port clock_enable ;
; registers_unit:reg_unit|regs[16][12]    ; Stuck at GND due to stuck port clock_enable ;
; registers_unit:reg_unit|regs[16][11]    ; Stuck at GND due to stuck port clock_enable ;
; registers_unit:reg_unit|regs[16][10]    ; Stuck at GND due to stuck port clock_enable ;
; registers_unit:reg_unit|regs[16][9]     ; Stuck at GND due to stuck port clock_enable ;
; registers_unit:reg_unit|regs[16][8]     ; Stuck at GND due to stuck port clock_enable ;
; registers_unit:reg_unit|regs[16][7]     ; Stuck at GND due to stuck port clock_enable ;
; registers_unit:reg_unit|regs[16][6]     ; Stuck at GND due to stuck port clock_enable ;
; registers_unit:reg_unit|regs[16][5]     ; Stuck at GND due to stuck port clock_enable ;
; registers_unit:reg_unit|regs[16][4]     ; Stuck at VCC due to stuck port clock_enable ;
; registers_unit:reg_unit|regs[16][3]     ; Stuck at GND due to stuck port clock_enable ;
; registers_unit:reg_unit|regs[16][2]     ; Stuck at GND due to stuck port clock_enable ;
; registers_unit:reg_unit|regs[16][1]     ; Stuck at GND due to stuck port clock_enable ;
; registers_unit:reg_unit|regs[16][0]     ; Stuck at GND due to stuck port clock_enable ;
; registers_unit:reg_unit|regs[17][23]    ; Stuck at GND due to stuck port clock_enable ;
; registers_unit:reg_unit|regs[17][22]    ; Stuck at GND due to stuck port clock_enable ;
; registers_unit:reg_unit|regs[17][21]    ; Stuck at GND due to stuck port clock_enable ;
; registers_unit:reg_unit|regs[17][20]    ; Stuck at GND due to stuck port clock_enable ;
; registers_unit:reg_unit|regs[17][19]    ; Stuck at GND due to stuck port clock_enable ;
; registers_unit:reg_unit|regs[17][18]    ; Stuck at GND due to stuck port clock_enable ;
; registers_unit:reg_unit|regs[17][17]    ; Stuck at GND due to stuck port clock_enable ;
; registers_unit:reg_unit|regs[17][16]    ; Stuck at GND due to stuck port clock_enable ;
; registers_unit:reg_unit|regs[17][15]    ; Stuck at GND due to stuck port clock_enable ;
; registers_unit:reg_unit|regs[17][14]    ; Stuck at GND due to stuck port clock_enable ;
; registers_unit:reg_unit|regs[17][13]    ; Stuck at GND due to stuck port clock_enable ;
; registers_unit:reg_unit|regs[17][12]    ; Stuck at GND due to stuck port clock_enable ;
; registers_unit:reg_unit|regs[17][11]    ; Stuck at GND due to stuck port clock_enable ;
; registers_unit:reg_unit|regs[17][10]    ; Stuck at GND due to stuck port clock_enable ;
; registers_unit:reg_unit|regs[17][9]     ; Stuck at GND due to stuck port clock_enable ;
; registers_unit:reg_unit|regs[17][8]     ; Stuck at GND due to stuck port clock_enable ;
; registers_unit:reg_unit|regs[17][7]     ; Stuck at GND due to stuck port clock_enable ;
; registers_unit:reg_unit|regs[17][6]     ; Stuck at GND due to stuck port clock_enable ;
; registers_unit:reg_unit|regs[17][5]     ; Stuck at GND due to stuck port clock_enable ;
; registers_unit:reg_unit|regs[17][4]     ; Stuck at VCC due to stuck port clock_enable ;
; registers_unit:reg_unit|regs[17][3]     ; Stuck at GND due to stuck port clock_enable ;
; registers_unit:reg_unit|regs[17][2]     ; Stuck at GND due to stuck port clock_enable ;
; registers_unit:reg_unit|regs[17][1]     ; Stuck at GND due to stuck port clock_enable ;
; registers_unit:reg_unit|regs[17][0]     ; Stuck at VCC due to stuck port clock_enable ;
; registers_unit:reg_unit|regs[18][23]    ; Stuck at GND due to stuck port clock_enable ;
; registers_unit:reg_unit|regs[18][22]    ; Stuck at GND due to stuck port clock_enable ;
; registers_unit:reg_unit|regs[18][21]    ; Stuck at GND due to stuck port clock_enable ;
; registers_unit:reg_unit|regs[18][20]    ; Stuck at GND due to stuck port clock_enable ;
; registers_unit:reg_unit|regs[18][19]    ; Stuck at GND due to stuck port clock_enable ;
; registers_unit:reg_unit|regs[18][18]    ; Stuck at GND due to stuck port clock_enable ;
; registers_unit:reg_unit|regs[18][17]    ; Stuck at GND due to stuck port clock_enable ;
; registers_unit:reg_unit|regs[18][16]    ; Stuck at GND due to stuck port clock_enable ;
; registers_unit:reg_unit|regs[18][15]    ; Stuck at GND due to stuck port clock_enable ;
; registers_unit:reg_unit|regs[18][14]    ; Stuck at GND due to stuck port clock_enable ;
; registers_unit:reg_unit|regs[18][13]    ; Stuck at GND due to stuck port clock_enable ;
; registers_unit:reg_unit|regs[18][12]    ; Stuck at GND due to stuck port clock_enable ;
; registers_unit:reg_unit|regs[18][11]    ; Stuck at GND due to stuck port clock_enable ;
; registers_unit:reg_unit|regs[18][10]    ; Stuck at GND due to stuck port clock_enable ;
; registers_unit:reg_unit|regs[18][9]     ; Stuck at GND due to stuck port clock_enable ;
; registers_unit:reg_unit|regs[18][8]     ; Stuck at GND due to stuck port clock_enable ;
; registers_unit:reg_unit|regs[18][7]     ; Stuck at GND due to stuck port clock_enable ;
; registers_unit:reg_unit|regs[18][6]     ; Stuck at GND due to stuck port clock_enable ;
; registers_unit:reg_unit|regs[18][5]     ; Stuck at GND due to stuck port clock_enable ;
; registers_unit:reg_unit|regs[18][4]     ; Stuck at VCC due to stuck port clock_enable ;
; registers_unit:reg_unit|regs[18][3]     ; Stuck at GND due to stuck port clock_enable ;
; registers_unit:reg_unit|regs[18][2]     ; Stuck at GND due to stuck port clock_enable ;
; registers_unit:reg_unit|regs[18][1]     ; Stuck at VCC due to stuck port clock_enable ;
; registers_unit:reg_unit|regs[18][0]     ; Stuck at GND due to stuck port clock_enable ;
; registers_unit:reg_unit|regs[19][23]    ; Stuck at GND due to stuck port clock_enable ;
; registers_unit:reg_unit|regs[19][22]    ; Stuck at GND due to stuck port clock_enable ;
; registers_unit:reg_unit|regs[19][21]    ; Stuck at GND due to stuck port clock_enable ;
; registers_unit:reg_unit|regs[19][20]    ; Stuck at GND due to stuck port clock_enable ;
; registers_unit:reg_unit|regs[19][19]    ; Stuck at GND due to stuck port clock_enable ;
; registers_unit:reg_unit|regs[19][18]    ; Stuck at GND due to stuck port clock_enable ;
; registers_unit:reg_unit|regs[19][17]    ; Stuck at GND due to stuck port clock_enable ;
; registers_unit:reg_unit|regs[19][16]    ; Stuck at GND due to stuck port clock_enable ;
; registers_unit:reg_unit|regs[19][15]    ; Stuck at GND due to stuck port clock_enable ;
; registers_unit:reg_unit|regs[19][14]    ; Stuck at GND due to stuck port clock_enable ;
; registers_unit:reg_unit|regs[19][13]    ; Stuck at GND due to stuck port clock_enable ;
; registers_unit:reg_unit|regs[19][12]    ; Stuck at GND due to stuck port clock_enable ;
; registers_unit:reg_unit|regs[19][11]    ; Stuck at GND due to stuck port clock_enable ;
; registers_unit:reg_unit|regs[19][10]    ; Stuck at GND due to stuck port clock_enable ;
; registers_unit:reg_unit|regs[19][9]     ; Stuck at GND due to stuck port clock_enable ;
; registers_unit:reg_unit|regs[19][8]     ; Stuck at GND due to stuck port clock_enable ;
; registers_unit:reg_unit|regs[19][7]     ; Stuck at GND due to stuck port clock_enable ;
; registers_unit:reg_unit|regs[19][6]     ; Stuck at GND due to stuck port clock_enable ;
; registers_unit:reg_unit|regs[19][5]     ; Stuck at GND due to stuck port clock_enable ;
; registers_unit:reg_unit|regs[19][4]     ; Stuck at VCC due to stuck port clock_enable ;
; registers_unit:reg_unit|regs[19][3]     ; Stuck at GND due to stuck port clock_enable ;
; registers_unit:reg_unit|regs[19][2]     ; Stuck at GND due to stuck port clock_enable ;
; registers_unit:reg_unit|regs[19][1]     ; Stuck at VCC due to stuck port clock_enable ;
; registers_unit:reg_unit|regs[19][0]     ; Stuck at VCC due to stuck port clock_enable ;
; registers_unit:reg_unit|regs[20][23]    ; Stuck at GND due to stuck port clock_enable ;
; registers_unit:reg_unit|regs[20][22]    ; Stuck at GND due to stuck port clock_enable ;
; registers_unit:reg_unit|regs[20][21]    ; Stuck at GND due to stuck port clock_enable ;
; registers_unit:reg_unit|regs[20][20]    ; Stuck at GND due to stuck port clock_enable ;
; registers_unit:reg_unit|regs[20][19]    ; Stuck at GND due to stuck port clock_enable ;
; registers_unit:reg_unit|regs[20][18]    ; Stuck at GND due to stuck port clock_enable ;
; registers_unit:reg_unit|regs[20][17]    ; Stuck at GND due to stuck port clock_enable ;
; registers_unit:reg_unit|regs[20][16]    ; Stuck at GND due to stuck port clock_enable ;
; registers_unit:reg_unit|regs[20][15]    ; Stuck at GND due to stuck port clock_enable ;
; registers_unit:reg_unit|regs[20][14]    ; Stuck at GND due to stuck port clock_enable ;
; registers_unit:reg_unit|regs[20][13]    ; Stuck at GND due to stuck port clock_enable ;
; registers_unit:reg_unit|regs[20][12]    ; Stuck at GND due to stuck port clock_enable ;
; registers_unit:reg_unit|regs[20][11]    ; Stuck at GND due to stuck port clock_enable ;
; registers_unit:reg_unit|regs[20][10]    ; Stuck at GND due to stuck port clock_enable ;
; registers_unit:reg_unit|regs[20][9]     ; Stuck at GND due to stuck port clock_enable ;
; registers_unit:reg_unit|regs[20][8]     ; Stuck at GND due to stuck port clock_enable ;
; registers_unit:reg_unit|regs[20][7]     ; Stuck at GND due to stuck port clock_enable ;
; registers_unit:reg_unit|regs[20][6]     ; Stuck at GND due to stuck port clock_enable ;
; registers_unit:reg_unit|regs[20][5]     ; Stuck at GND due to stuck port clock_enable ;
; registers_unit:reg_unit|regs[20][4]     ; Stuck at VCC due to stuck port clock_enable ;
; registers_unit:reg_unit|regs[20][3]     ; Stuck at GND due to stuck port clock_enable ;
; registers_unit:reg_unit|regs[20][2]     ; Stuck at VCC due to stuck port clock_enable ;
; registers_unit:reg_unit|regs[20][1]     ; Stuck at GND due to stuck port clock_enable ;
; registers_unit:reg_unit|regs[20][0]     ; Stuck at GND due to stuck port clock_enable ;
; registers_unit:reg_unit|regs[21][23]    ; Stuck at GND due to stuck port clock_enable ;
; registers_unit:reg_unit|regs[21][22]    ; Stuck at GND due to stuck port clock_enable ;
; registers_unit:reg_unit|regs[21][21]    ; Stuck at GND due to stuck port clock_enable ;
; registers_unit:reg_unit|regs[21][20]    ; Stuck at GND due to stuck port clock_enable ;
; registers_unit:reg_unit|regs[21][19]    ; Stuck at GND due to stuck port clock_enable ;
; registers_unit:reg_unit|regs[21][18]    ; Stuck at GND due to stuck port clock_enable ;
; registers_unit:reg_unit|regs[21][17]    ; Stuck at GND due to stuck port clock_enable ;
; registers_unit:reg_unit|regs[21][16]    ; Stuck at GND due to stuck port clock_enable ;
; registers_unit:reg_unit|regs[21][15]    ; Stuck at GND due to stuck port clock_enable ;
; registers_unit:reg_unit|regs[21][14]    ; Stuck at GND due to stuck port clock_enable ;
; registers_unit:reg_unit|regs[21][13]    ; Stuck at GND due to stuck port clock_enable ;
; registers_unit:reg_unit|regs[21][12]    ; Stuck at GND due to stuck port clock_enable ;
; registers_unit:reg_unit|regs[21][11]    ; Stuck at GND due to stuck port clock_enable ;
; registers_unit:reg_unit|regs[21][10]    ; Stuck at GND due to stuck port clock_enable ;
; registers_unit:reg_unit|regs[21][9]     ; Stuck at GND due to stuck port clock_enable ;
; registers_unit:reg_unit|regs[21][8]     ; Stuck at GND due to stuck port clock_enable ;
; registers_unit:reg_unit|regs[21][7]     ; Stuck at GND due to stuck port clock_enable ;
; registers_unit:reg_unit|regs[21][6]     ; Stuck at GND due to stuck port clock_enable ;
; registers_unit:reg_unit|regs[21][5]     ; Stuck at GND due to stuck port clock_enable ;
; registers_unit:reg_unit|regs[21][4]     ; Stuck at VCC due to stuck port clock_enable ;
; registers_unit:reg_unit|regs[21][3]     ; Stuck at GND due to stuck port clock_enable ;
; registers_unit:reg_unit|regs[21][2]     ; Stuck at VCC due to stuck port clock_enable ;
; registers_unit:reg_unit|regs[21][1]     ; Stuck at GND due to stuck port clock_enable ;
; registers_unit:reg_unit|regs[21][0]     ; Stuck at VCC due to stuck port clock_enable ;
; registers_unit:reg_unit|regs[22][23]    ; Stuck at GND due to stuck port clock_enable ;
; registers_unit:reg_unit|regs[22][22]    ; Stuck at GND due to stuck port clock_enable ;
; registers_unit:reg_unit|regs[22][21]    ; Stuck at GND due to stuck port clock_enable ;
; registers_unit:reg_unit|regs[22][20]    ; Stuck at GND due to stuck port clock_enable ;
; registers_unit:reg_unit|regs[22][19]    ; Stuck at GND due to stuck port clock_enable ;
; registers_unit:reg_unit|regs[22][18]    ; Stuck at GND due to stuck port clock_enable ;
; registers_unit:reg_unit|regs[22][17]    ; Stuck at GND due to stuck port clock_enable ;
; registers_unit:reg_unit|regs[22][16]    ; Stuck at GND due to stuck port clock_enable ;
; registers_unit:reg_unit|regs[22][15]    ; Stuck at GND due to stuck port clock_enable ;
; registers_unit:reg_unit|regs[22][14]    ; Stuck at GND due to stuck port clock_enable ;
; registers_unit:reg_unit|regs[22][13]    ; Stuck at GND due to stuck port clock_enable ;
; registers_unit:reg_unit|regs[22][12]    ; Stuck at GND due to stuck port clock_enable ;
; registers_unit:reg_unit|regs[22][11]    ; Stuck at GND due to stuck port clock_enable ;
; registers_unit:reg_unit|regs[22][10]    ; Stuck at GND due to stuck port clock_enable ;
; registers_unit:reg_unit|regs[22][9]     ; Stuck at GND due to stuck port clock_enable ;
; registers_unit:reg_unit|regs[22][8]     ; Stuck at GND due to stuck port clock_enable ;
; registers_unit:reg_unit|regs[22][7]     ; Stuck at GND due to stuck port clock_enable ;
; registers_unit:reg_unit|regs[22][6]     ; Stuck at GND due to stuck port clock_enable ;
; registers_unit:reg_unit|regs[22][5]     ; Stuck at GND due to stuck port clock_enable ;
; registers_unit:reg_unit|regs[22][4]     ; Stuck at VCC due to stuck port clock_enable ;
; registers_unit:reg_unit|regs[22][3]     ; Stuck at GND due to stuck port clock_enable ;
; registers_unit:reg_unit|regs[22][2]     ; Stuck at VCC due to stuck port clock_enable ;
; registers_unit:reg_unit|regs[22][1]     ; Stuck at VCC due to stuck port clock_enable ;
; registers_unit:reg_unit|regs[22][0]     ; Stuck at GND due to stuck port clock_enable ;
; registers_unit:reg_unit|regs[23][23]    ; Stuck at GND due to stuck port clock_enable ;
; registers_unit:reg_unit|regs[23][22]    ; Stuck at GND due to stuck port clock_enable ;
; registers_unit:reg_unit|regs[23][21]    ; Stuck at GND due to stuck port clock_enable ;
; registers_unit:reg_unit|regs[23][20]    ; Stuck at GND due to stuck port clock_enable ;
; registers_unit:reg_unit|regs[23][19]    ; Stuck at GND due to stuck port clock_enable ;
; registers_unit:reg_unit|regs[23][18]    ; Stuck at GND due to stuck port clock_enable ;
; registers_unit:reg_unit|regs[23][17]    ; Stuck at GND due to stuck port clock_enable ;
; registers_unit:reg_unit|regs[23][16]    ; Stuck at GND due to stuck port clock_enable ;
; registers_unit:reg_unit|regs[23][15]    ; Stuck at GND due to stuck port clock_enable ;
; registers_unit:reg_unit|regs[23][14]    ; Stuck at GND due to stuck port clock_enable ;
; registers_unit:reg_unit|regs[23][13]    ; Stuck at GND due to stuck port clock_enable ;
; registers_unit:reg_unit|regs[23][12]    ; Stuck at GND due to stuck port clock_enable ;
; registers_unit:reg_unit|regs[23][11]    ; Stuck at GND due to stuck port clock_enable ;
; registers_unit:reg_unit|regs[23][10]    ; Stuck at GND due to stuck port clock_enable ;
; registers_unit:reg_unit|regs[23][9]     ; Stuck at GND due to stuck port clock_enable ;
; registers_unit:reg_unit|regs[23][8]     ; Stuck at GND due to stuck port clock_enable ;
; registers_unit:reg_unit|regs[23][7]     ; Stuck at GND due to stuck port clock_enable ;
; registers_unit:reg_unit|regs[23][6]     ; Stuck at GND due to stuck port clock_enable ;
; registers_unit:reg_unit|regs[23][5]     ; Stuck at GND due to stuck port clock_enable ;
; registers_unit:reg_unit|regs[23][4]     ; Stuck at VCC due to stuck port clock_enable ;
; registers_unit:reg_unit|regs[23][3]     ; Stuck at GND due to stuck port clock_enable ;
; registers_unit:reg_unit|regs[23][2]     ; Stuck at VCC due to stuck port clock_enable ;
; registers_unit:reg_unit|regs[23][1]     ; Stuck at VCC due to stuck port clock_enable ;
; registers_unit:reg_unit|regs[23][0]     ; Stuck at VCC due to stuck port clock_enable ;
; registers_unit:reg_unit|regs[24][23]    ; Stuck at GND due to stuck port clock_enable ;
; registers_unit:reg_unit|regs[24][22]    ; Stuck at GND due to stuck port clock_enable ;
; registers_unit:reg_unit|regs[24][21]    ; Stuck at GND due to stuck port clock_enable ;
; registers_unit:reg_unit|regs[24][20]    ; Stuck at GND due to stuck port clock_enable ;
; registers_unit:reg_unit|regs[24][19]    ; Stuck at GND due to stuck port clock_enable ;
; registers_unit:reg_unit|regs[24][18]    ; Stuck at GND due to stuck port clock_enable ;
; registers_unit:reg_unit|regs[24][17]    ; Stuck at GND due to stuck port clock_enable ;
; registers_unit:reg_unit|regs[24][16]    ; Stuck at GND due to stuck port clock_enable ;
; registers_unit:reg_unit|regs[24][15]    ; Stuck at GND due to stuck port clock_enable ;
; registers_unit:reg_unit|regs[24][14]    ; Stuck at GND due to stuck port clock_enable ;
; registers_unit:reg_unit|regs[24][13]    ; Stuck at GND due to stuck port clock_enable ;
; registers_unit:reg_unit|regs[24][12]    ; Stuck at GND due to stuck port clock_enable ;
; registers_unit:reg_unit|regs[24][11]    ; Stuck at GND due to stuck port clock_enable ;
; registers_unit:reg_unit|regs[24][10]    ; Stuck at GND due to stuck port clock_enable ;
; registers_unit:reg_unit|regs[24][9]     ; Stuck at GND due to stuck port clock_enable ;
; registers_unit:reg_unit|regs[24][8]     ; Stuck at GND due to stuck port clock_enable ;
; registers_unit:reg_unit|regs[24][7]     ; Stuck at GND due to stuck port clock_enable ;
; registers_unit:reg_unit|regs[24][6]     ; Stuck at GND due to stuck port clock_enable ;
; registers_unit:reg_unit|regs[24][5]     ; Stuck at GND due to stuck port clock_enable ;
; registers_unit:reg_unit|regs[24][4]     ; Stuck at VCC due to stuck port clock_enable ;
; registers_unit:reg_unit|regs[24][3]     ; Stuck at VCC due to stuck port clock_enable ;
; registers_unit:reg_unit|regs[24][2]     ; Stuck at GND due to stuck port clock_enable ;
; registers_unit:reg_unit|regs[24][1]     ; Stuck at GND due to stuck port clock_enable ;
; registers_unit:reg_unit|regs[24][0]     ; Stuck at GND due to stuck port clock_enable ;
; registers_unit:reg_unit|regs[25][23]    ; Stuck at GND due to stuck port clock_enable ;
; registers_unit:reg_unit|regs[25][22]    ; Stuck at GND due to stuck port clock_enable ;
; registers_unit:reg_unit|regs[25][21]    ; Stuck at GND due to stuck port clock_enable ;
; registers_unit:reg_unit|regs[25][20]    ; Stuck at GND due to stuck port clock_enable ;
; registers_unit:reg_unit|regs[25][19]    ; Stuck at GND due to stuck port clock_enable ;
; registers_unit:reg_unit|regs[25][18]    ; Stuck at GND due to stuck port clock_enable ;
; registers_unit:reg_unit|regs[25][17]    ; Stuck at GND due to stuck port clock_enable ;
; registers_unit:reg_unit|regs[25][16]    ; Stuck at GND due to stuck port clock_enable ;
; registers_unit:reg_unit|regs[25][15]    ; Stuck at GND due to stuck port clock_enable ;
; registers_unit:reg_unit|regs[25][14]    ; Stuck at GND due to stuck port clock_enable ;
; registers_unit:reg_unit|regs[25][13]    ; Stuck at GND due to stuck port clock_enable ;
; registers_unit:reg_unit|regs[25][12]    ; Stuck at GND due to stuck port clock_enable ;
; registers_unit:reg_unit|regs[25][11]    ; Stuck at GND due to stuck port clock_enable ;
; registers_unit:reg_unit|regs[25][10]    ; Stuck at GND due to stuck port clock_enable ;
; registers_unit:reg_unit|regs[25][9]     ; Stuck at GND due to stuck port clock_enable ;
; registers_unit:reg_unit|regs[25][8]     ; Stuck at GND due to stuck port clock_enable ;
; registers_unit:reg_unit|regs[25][7]     ; Stuck at GND due to stuck port clock_enable ;
; registers_unit:reg_unit|regs[25][6]     ; Stuck at GND due to stuck port clock_enable ;
; registers_unit:reg_unit|regs[25][5]     ; Stuck at GND due to stuck port clock_enable ;
; registers_unit:reg_unit|regs[25][4]     ; Stuck at VCC due to stuck port clock_enable ;
; registers_unit:reg_unit|regs[25][3]     ; Stuck at VCC due to stuck port clock_enable ;
; registers_unit:reg_unit|regs[25][2]     ; Stuck at GND due to stuck port clock_enable ;
; registers_unit:reg_unit|regs[25][1]     ; Stuck at GND due to stuck port clock_enable ;
; registers_unit:reg_unit|regs[25][0]     ; Stuck at VCC due to stuck port clock_enable ;
; registers_unit:reg_unit|regs[26][23]    ; Stuck at GND due to stuck port clock_enable ;
; registers_unit:reg_unit|regs[26][22]    ; Stuck at GND due to stuck port clock_enable ;
; registers_unit:reg_unit|regs[26][21]    ; Stuck at GND due to stuck port clock_enable ;
; registers_unit:reg_unit|regs[26][20]    ; Stuck at GND due to stuck port clock_enable ;
; registers_unit:reg_unit|regs[26][19]    ; Stuck at GND due to stuck port clock_enable ;
; registers_unit:reg_unit|regs[26][18]    ; Stuck at GND due to stuck port clock_enable ;
; registers_unit:reg_unit|regs[26][17]    ; Stuck at GND due to stuck port clock_enable ;
; registers_unit:reg_unit|regs[26][16]    ; Stuck at GND due to stuck port clock_enable ;
; registers_unit:reg_unit|regs[26][15]    ; Stuck at GND due to stuck port clock_enable ;
; registers_unit:reg_unit|regs[26][14]    ; Stuck at GND due to stuck port clock_enable ;
; registers_unit:reg_unit|regs[26][13]    ; Stuck at GND due to stuck port clock_enable ;
; registers_unit:reg_unit|regs[26][12]    ; Stuck at GND due to stuck port clock_enable ;
; registers_unit:reg_unit|regs[26][11]    ; Stuck at GND due to stuck port clock_enable ;
; registers_unit:reg_unit|regs[26][10]    ; Stuck at GND due to stuck port clock_enable ;
; registers_unit:reg_unit|regs[26][9]     ; Stuck at GND due to stuck port clock_enable ;
; registers_unit:reg_unit|regs[26][8]     ; Stuck at GND due to stuck port clock_enable ;
; registers_unit:reg_unit|regs[26][7]     ; Stuck at GND due to stuck port clock_enable ;
; registers_unit:reg_unit|regs[26][6]     ; Stuck at GND due to stuck port clock_enable ;
; registers_unit:reg_unit|regs[26][5]     ; Stuck at GND due to stuck port clock_enable ;
; registers_unit:reg_unit|regs[26][4]     ; Stuck at VCC due to stuck port clock_enable ;
; registers_unit:reg_unit|regs[26][3]     ; Stuck at VCC due to stuck port clock_enable ;
; registers_unit:reg_unit|regs[26][2]     ; Stuck at GND due to stuck port clock_enable ;
; registers_unit:reg_unit|regs[26][1]     ; Stuck at VCC due to stuck port clock_enable ;
; registers_unit:reg_unit|regs[26][0]     ; Stuck at GND due to stuck port clock_enable ;
; registers_unit:reg_unit|regs[27][23]    ; Stuck at GND due to stuck port clock_enable ;
; registers_unit:reg_unit|regs[27][22]    ; Stuck at GND due to stuck port clock_enable ;
; registers_unit:reg_unit|regs[27][21]    ; Stuck at GND due to stuck port clock_enable ;
; registers_unit:reg_unit|regs[27][20]    ; Stuck at GND due to stuck port clock_enable ;
; registers_unit:reg_unit|regs[27][19]    ; Stuck at GND due to stuck port clock_enable ;
; registers_unit:reg_unit|regs[27][18]    ; Stuck at GND due to stuck port clock_enable ;
; registers_unit:reg_unit|regs[27][17]    ; Stuck at GND due to stuck port clock_enable ;
; registers_unit:reg_unit|regs[27][16]    ; Stuck at GND due to stuck port clock_enable ;
; registers_unit:reg_unit|regs[27][15]    ; Stuck at GND due to stuck port clock_enable ;
; registers_unit:reg_unit|regs[27][14]    ; Stuck at GND due to stuck port clock_enable ;
; registers_unit:reg_unit|regs[27][13]    ; Stuck at GND due to stuck port clock_enable ;
; registers_unit:reg_unit|regs[27][12]    ; Stuck at GND due to stuck port clock_enable ;
; registers_unit:reg_unit|regs[27][11]    ; Stuck at GND due to stuck port clock_enable ;
; registers_unit:reg_unit|regs[27][10]    ; Stuck at GND due to stuck port clock_enable ;
; registers_unit:reg_unit|regs[27][9]     ; Stuck at GND due to stuck port clock_enable ;
; registers_unit:reg_unit|regs[27][8]     ; Stuck at GND due to stuck port clock_enable ;
; registers_unit:reg_unit|regs[27][7]     ; Stuck at GND due to stuck port clock_enable ;
; registers_unit:reg_unit|regs[27][6]     ; Stuck at GND due to stuck port clock_enable ;
; registers_unit:reg_unit|regs[27][5]     ; Stuck at GND due to stuck port clock_enable ;
; registers_unit:reg_unit|regs[27][4]     ; Stuck at VCC due to stuck port clock_enable ;
; registers_unit:reg_unit|regs[27][3]     ; Stuck at VCC due to stuck port clock_enable ;
; registers_unit:reg_unit|regs[27][2]     ; Stuck at GND due to stuck port clock_enable ;
; registers_unit:reg_unit|regs[27][1]     ; Stuck at VCC due to stuck port clock_enable ;
; registers_unit:reg_unit|regs[27][0]     ; Stuck at VCC due to stuck port clock_enable ;
; registers_unit:reg_unit|regs[28][23]    ; Stuck at GND due to stuck port clock_enable ;
; registers_unit:reg_unit|regs[28][22]    ; Stuck at GND due to stuck port clock_enable ;
; registers_unit:reg_unit|regs[28][21]    ; Stuck at GND due to stuck port clock_enable ;
; registers_unit:reg_unit|regs[28][20]    ; Stuck at GND due to stuck port clock_enable ;
; registers_unit:reg_unit|regs[28][19]    ; Stuck at GND due to stuck port clock_enable ;
; registers_unit:reg_unit|regs[28][18]    ; Stuck at GND due to stuck port clock_enable ;
; registers_unit:reg_unit|regs[28][17]    ; Stuck at GND due to stuck port clock_enable ;
; registers_unit:reg_unit|regs[28][16]    ; Stuck at GND due to stuck port clock_enable ;
; registers_unit:reg_unit|regs[28][15]    ; Stuck at GND due to stuck port clock_enable ;
; registers_unit:reg_unit|regs[28][14]    ; Stuck at GND due to stuck port clock_enable ;
; registers_unit:reg_unit|regs[28][13]    ; Stuck at GND due to stuck port clock_enable ;
; registers_unit:reg_unit|regs[28][12]    ; Stuck at GND due to stuck port clock_enable ;
; registers_unit:reg_unit|regs[28][11]    ; Stuck at GND due to stuck port clock_enable ;
; registers_unit:reg_unit|regs[28][10]    ; Stuck at GND due to stuck port clock_enable ;
; registers_unit:reg_unit|regs[28][9]     ; Stuck at GND due to stuck port clock_enable ;
; registers_unit:reg_unit|regs[28][8]     ; Stuck at GND due to stuck port clock_enable ;
; registers_unit:reg_unit|regs[28][7]     ; Stuck at GND due to stuck port clock_enable ;
; registers_unit:reg_unit|regs[28][6]     ; Stuck at GND due to stuck port clock_enable ;
; registers_unit:reg_unit|regs[28][5]     ; Stuck at GND due to stuck port clock_enable ;
; registers_unit:reg_unit|regs[28][4]     ; Stuck at VCC due to stuck port clock_enable ;
; registers_unit:reg_unit|regs[28][3]     ; Stuck at VCC due to stuck port clock_enable ;
; registers_unit:reg_unit|regs[28][2]     ; Stuck at VCC due to stuck port clock_enable ;
; registers_unit:reg_unit|regs[28][1]     ; Stuck at GND due to stuck port clock_enable ;
; registers_unit:reg_unit|regs[28][0]     ; Stuck at GND due to stuck port clock_enable ;
; registers_unit:reg_unit|regs[29][23]    ; Stuck at GND due to stuck port clock_enable ;
; registers_unit:reg_unit|regs[29][22]    ; Stuck at GND due to stuck port clock_enable ;
; registers_unit:reg_unit|regs[29][21]    ; Stuck at GND due to stuck port clock_enable ;
; registers_unit:reg_unit|regs[29][20]    ; Stuck at GND due to stuck port clock_enable ;
; registers_unit:reg_unit|regs[29][19]    ; Stuck at GND due to stuck port clock_enable ;
; registers_unit:reg_unit|regs[29][18]    ; Stuck at GND due to stuck port clock_enable ;
; registers_unit:reg_unit|regs[29][17]    ; Stuck at GND due to stuck port clock_enable ;
; registers_unit:reg_unit|regs[29][16]    ; Stuck at GND due to stuck port clock_enable ;
; registers_unit:reg_unit|regs[29][15]    ; Stuck at GND due to stuck port clock_enable ;
; registers_unit:reg_unit|regs[29][14]    ; Stuck at GND due to stuck port clock_enable ;
; registers_unit:reg_unit|regs[29][13]    ; Stuck at GND due to stuck port clock_enable ;
; registers_unit:reg_unit|regs[29][12]    ; Stuck at GND due to stuck port clock_enable ;
; registers_unit:reg_unit|regs[29][11]    ; Stuck at GND due to stuck port clock_enable ;
; registers_unit:reg_unit|regs[29][10]    ; Stuck at GND due to stuck port clock_enable ;
; registers_unit:reg_unit|regs[29][9]     ; Stuck at GND due to stuck port clock_enable ;
; registers_unit:reg_unit|regs[29][8]     ; Stuck at GND due to stuck port clock_enable ;
; registers_unit:reg_unit|regs[29][7]     ; Stuck at GND due to stuck port clock_enable ;
; registers_unit:reg_unit|regs[29][6]     ; Stuck at GND due to stuck port clock_enable ;
; registers_unit:reg_unit|regs[29][5]     ; Stuck at GND due to stuck port clock_enable ;
; registers_unit:reg_unit|regs[29][4]     ; Stuck at VCC due to stuck port clock_enable ;
; registers_unit:reg_unit|regs[29][3]     ; Stuck at VCC due to stuck port clock_enable ;
; registers_unit:reg_unit|regs[29][2]     ; Stuck at VCC due to stuck port clock_enable ;
; registers_unit:reg_unit|regs[29][1]     ; Stuck at GND due to stuck port clock_enable ;
; registers_unit:reg_unit|regs[29][0]     ; Stuck at VCC due to stuck port clock_enable ;
; registers_unit:reg_unit|regs[30][23]    ; Stuck at GND due to stuck port clock_enable ;
; registers_unit:reg_unit|regs[30][22]    ; Stuck at GND due to stuck port clock_enable ;
; registers_unit:reg_unit|regs[30][21]    ; Stuck at GND due to stuck port clock_enable ;
; registers_unit:reg_unit|regs[30][20]    ; Stuck at GND due to stuck port clock_enable ;
; registers_unit:reg_unit|regs[30][19]    ; Stuck at GND due to stuck port clock_enable ;
; registers_unit:reg_unit|regs[30][18]    ; Stuck at GND due to stuck port clock_enable ;
; registers_unit:reg_unit|regs[30][17]    ; Stuck at GND due to stuck port clock_enable ;
; registers_unit:reg_unit|regs[30][16]    ; Stuck at GND due to stuck port clock_enable ;
; registers_unit:reg_unit|regs[30][15]    ; Stuck at GND due to stuck port clock_enable ;
; registers_unit:reg_unit|regs[30][14]    ; Stuck at GND due to stuck port clock_enable ;
; registers_unit:reg_unit|regs[30][13]    ; Stuck at GND due to stuck port clock_enable ;
; registers_unit:reg_unit|regs[30][12]    ; Stuck at GND due to stuck port clock_enable ;
; registers_unit:reg_unit|regs[30][11]    ; Stuck at GND due to stuck port clock_enable ;
; registers_unit:reg_unit|regs[30][10]    ; Stuck at GND due to stuck port clock_enable ;
; registers_unit:reg_unit|regs[30][9]     ; Stuck at GND due to stuck port clock_enable ;
; registers_unit:reg_unit|regs[30][8]     ; Stuck at GND due to stuck port clock_enable ;
; registers_unit:reg_unit|regs[30][7]     ; Stuck at GND due to stuck port clock_enable ;
; registers_unit:reg_unit|regs[30][6]     ; Stuck at GND due to stuck port clock_enable ;
; registers_unit:reg_unit|regs[30][5]     ; Stuck at GND due to stuck port clock_enable ;
; registers_unit:reg_unit|regs[30][4]     ; Stuck at VCC due to stuck port clock_enable ;
; registers_unit:reg_unit|regs[30][3]     ; Stuck at VCC due to stuck port clock_enable ;
; registers_unit:reg_unit|regs[30][2]     ; Stuck at VCC due to stuck port clock_enable ;
; registers_unit:reg_unit|regs[30][1]     ; Stuck at VCC due to stuck port clock_enable ;
; registers_unit:reg_unit|regs[30][0]     ; Stuck at GND due to stuck port clock_enable ;
; registers_unit:reg_unit|regs[31][23]    ; Stuck at GND due to stuck port clock_enable ;
; registers_unit:reg_unit|regs[31][22]    ; Stuck at GND due to stuck port clock_enable ;
; registers_unit:reg_unit|regs[31][21]    ; Stuck at GND due to stuck port clock_enable ;
; registers_unit:reg_unit|regs[31][20]    ; Stuck at GND due to stuck port clock_enable ;
; registers_unit:reg_unit|regs[31][19]    ; Stuck at GND due to stuck port clock_enable ;
; registers_unit:reg_unit|regs[31][18]    ; Stuck at GND due to stuck port clock_enable ;
; registers_unit:reg_unit|regs[31][17]    ; Stuck at GND due to stuck port clock_enable ;
; registers_unit:reg_unit|regs[31][16]    ; Stuck at GND due to stuck port clock_enable ;
; registers_unit:reg_unit|regs[31][15]    ; Stuck at GND due to stuck port clock_enable ;
; registers_unit:reg_unit|regs[31][14]    ; Stuck at GND due to stuck port clock_enable ;
; registers_unit:reg_unit|regs[31][13]    ; Stuck at GND due to stuck port clock_enable ;
; registers_unit:reg_unit|regs[31][12]    ; Stuck at GND due to stuck port clock_enable ;
; registers_unit:reg_unit|regs[31][11]    ; Stuck at GND due to stuck port clock_enable ;
; registers_unit:reg_unit|regs[31][10]    ; Stuck at GND due to stuck port clock_enable ;
; registers_unit:reg_unit|regs[31][9]     ; Stuck at GND due to stuck port clock_enable ;
; registers_unit:reg_unit|regs[31][8]     ; Stuck at GND due to stuck port clock_enable ;
; registers_unit:reg_unit|regs[31][7]     ; Stuck at GND due to stuck port clock_enable ;
; registers_unit:reg_unit|regs[31][6]     ; Stuck at GND due to stuck port clock_enable ;
; registers_unit:reg_unit|regs[31][5]     ; Stuck at GND due to stuck port clock_enable ;
; registers_unit:reg_unit|regs[31][4]     ; Stuck at VCC due to stuck port clock_enable ;
; registers_unit:reg_unit|regs[31][3]     ; Stuck at VCC due to stuck port clock_enable ;
; registers_unit:reg_unit|regs[31][2]     ; Stuck at VCC due to stuck port clock_enable ;
; registers_unit:reg_unit|regs[31][1]     ; Stuck at VCC due to stuck port clock_enable ;
; pc[12..31]                              ; Lost fanout                                 ;
; Total Number of Removed Registers = 788 ;                                             ;
+-----------------------------------------+---------------------------------------------+


+--------------------------------------------------------------------------------------------------------------------------------------------------+
; Removed Registers Triggering Further Register Optimizations                                                                                      ;
+-------------------------------------+--------------------------------+---------------------------------------------------------------------------+
; Register name                       ; Reason for Removal             ; Registers Removed due to This Register                                    ;
+-------------------------------------+--------------------------------+---------------------------------------------------------------------------+
; registers_unit:reg_unit|regs[0][23] ; Stuck at GND                   ; registers_unit:reg_unit|regs[0][8], registers_unit:reg_unit|regs[0][7],   ;
;                                     ; due to stuck port clock_enable ; registers_unit:reg_unit|regs[0][6], registers_unit:reg_unit|regs[0][5],   ;
;                                     ;                                ; registers_unit:reg_unit|regs[0][4], registers_unit:reg_unit|regs[0][3],   ;
;                                     ;                                ; registers_unit:reg_unit|regs[0][2]                                        ;
; registers_unit:reg_unit|regs[0][19] ; Stuck at GND                   ; registers_unit:reg_unit|regs[0][15], registers_unit:reg_unit|regs[0][14], ;
;                                     ; due to stuck port clock_enable ; registers_unit:reg_unit|regs[0][13], registers_unit:reg_unit|regs[0][12], ;
;                                     ;                                ; registers_unit:reg_unit|regs[0][11], registers_unit:reg_unit|regs[0][10], ;
;                                     ;                                ; registers_unit:reg_unit|regs[0][9]                                        ;
+-------------------------------------+--------------------------------+---------------------------------------------------------------------------+


+------------------------------------------------------+
; General Register Statistics                          ;
+----------------------------------------------+-------+
; Statistic                                    ; Value ;
+----------------------------------------------+-------+
; Total registers                              ; 10    ;
; Number of registers using Synchronous Clear  ; 0     ;
; Number of registers using Synchronous Load   ; 0     ;
; Number of registers using Asynchronous Clear ; 10    ;
; Number of registers using Asynchronous Load  ; 0     ;
; Number of registers using Clock Enable       ; 0     ;
; Number of registers using Preset             ; 0     ;
+----------------------------------------------+-------+


+------------------------------------------------------------------------------------------------------------------------------------------+
; Multiplexer Restructuring Statistics (Restructuring Performed)                                                                           ;
+--------------------+-----------+---------------+----------------------+------------------------+------------+----------------------------+
; Multiplexer Inputs ; Bus Width ; Baseline Area ; Area if Restructured ; Saving if Restructured ; Registered ; Example Multiplexer Output ;
+--------------------+-----------+---------------+----------------------+------------------------+------------+----------------------------+
; 3:1                ; 4 bits    ; 8 LEs         ; 8 LEs                ; 0 LEs                  ; No         ; |top_level|disp_val[8]     ;
+--------------------+-----------+---------------+----------------------+------------------------+------------+----------------------------+


+------------------------------------------------------------------------------------------------------------------------------+
; Port Connectivity Checks: "registers_unit:reg_unit"                                                                          ;
+--------------------+--------+----------+-------------------------------------------------------------------------------------+
; Port               ; Type   ; Severity ; Details                                                                             ;
+--------------------+--------+----------+-------------------------------------------------------------------------------------+
; write_data         ; Input  ; Info     ; Stuck at GND                                                                        ;
; reg_write          ; Input  ; Info     ; Stuck at GND                                                                        ;
; read_data1[31..24] ; Output ; Info     ; Connected to dangling logic. Logic that only feeds a dangling port will be removed. ;
; read_data2[31..24] ; Output ; Info     ; Connected to dangling logic. Logic that only feeds a dangling port will be removed. ;
+--------------------+--------+----------+-------------------------------------------------------------------------------------+


+-----------------------------------------------------+
; Port Connectivity Checks: "instruction_memory:imem" ;
+------------+-------+----------+---------------------+
; Port       ; Type  ; Severity ; Details             ;
+------------+-------+----------+---------------------+
; addr[1..0] ; Input ; Info     ; Stuck at GND        ;
+------------+-------+----------+---------------------+


+-----------------------------------------------------+
; Post-Synthesis Netlist Statistics for Top Partition ;
+-----------------------+-----------------------------+
; Type                  ; Count                       ;
+-----------------------+-----------------------------+
; arriav_ff             ; 10                          ;
;     CLR               ; 10                          ;
; arriav_lcell_comb     ; 66                          ;
;     arith             ; 9                           ;
;         1 data inputs ; 8                           ;
;         2 data inputs ; 1                           ;
;     extend            ; 1                           ;
;         7 data inputs ; 1                           ;
;     normal            ; 56                          ;
;         0 data inputs ; 2                           ;
;         1 data inputs ; 3                           ;
;         3 data inputs ; 5                           ;
;         4 data inputs ; 34                          ;
;         5 data inputs ; 1                           ;
;         6 data inputs ; 11                          ;
; boundary_port         ; 64                          ;
;                       ;                             ;
; Max LUT depth         ; 5.00                        ;
; Average LUT depth     ; 2.99                        ;
+-----------------------+-----------------------------+


+-------------------------------+
; Elapsed Time Per Partition    ;
+----------------+--------------+
; Partition Name ; Elapsed Time ;
+----------------+--------------+
; Top            ; 00:00:00     ;
+----------------+--------------+


+-------------------------------+
; Analysis & Synthesis Messages ;
+-------------------------------+
Info: *******************************************************************
Info: Running Quartus Prime Analysis & Synthesis
    Info: Version 24.1std.0 Build 1077 03/04/2025 SC Lite Edition
    Info: Processing started: Tue Nov  4 19:23:20 2025
Info: Command: quartus_map --read_settings_files=on --write_settings_files=off riscvpc -c riscvpc
Warning (18236): Number of processors has not been specified which may cause overloading on shared machines.  Set the global assignment NUM_PARALLEL_PROCESSORS in your QSF to an appropriate value for best performance.
Info (20030): Parallel compilation is enabled and will use 2 of the 2 processors detected
Info (12021): Found 1 design units, including 1 entities, in source file top_level.sv
    Info (12023): Found entity 1: top_level File: C:/Users/Asbel/Downloads/is614-main/single-cycle - copia/top_level.sv Line: 8
Info (12021): Found 1 design units, including 1 entities, in source file hex7seg.sv
    Info (12023): Found entity 1: hex7seg File: C:/Users/Asbel/Downloads/is614-main/single-cycle - copia/hex7seg.sv Line: 1
Info (12021): Found 1 design units, including 1 entities, in source file instruction_memory.sv
    Info (12023): Found entity 1: instruction_memory File: C:/Users/Asbel/Downloads/is614-main/single-cycle - copia/instruction_memory.sv Line: 7
Info (12021): Found 1 design units, including 1 entities, in source file registers_unit.sv
    Info (12023): Found entity 1: registers_unit File: C:/Users/Asbel/Downloads/is614-main/single-cycle - copia/registers_unit.sv Line: 4
Info (12021): Found 1 design units, including 1 entities, in source file alu.sv
    Info (12023): Found entity 1: alu File: C:/Users/Asbel/Downloads/is614-main/single-cycle - copia/alu.sv Line: 4
Info (12021): Found 1 design units, including 1 entities, in source file alu_control.sv
    Info (12023): Found entity 1: alu_control File: C:/Users/Asbel/Downloads/is614-main/single-cycle - copia/alu_control.sv Line: 4
Info (12021): Found 1 design units, including 1 entities, in source file data_memory.sv
    Info (12023): Found entity 1: data_memory File: C:/Users/Asbel/Downloads/is614-main/single-cycle - copia/data_memory.sv Line: 5
Info (12127): Elaborating entity "top_level" for the top level hierarchy
Warning (10240): Verilog HDL Always Construct warning at top_level.sv(32): inferring latch(es) for variable "pc", which holds its previous value in one or more paths through the always construct File: C:/Users/Asbel/Downloads/is614-main/single-cycle - copia/top_level.sv Line: 32
Info (10041): Inferred latch for "pc[0]" at top_level.sv(32) File: C:/Users/Asbel/Downloads/is614-main/single-cycle - copia/top_level.sv Line: 32
Info (10041): Inferred latch for "pc[1]" at top_level.sv(32) File: C:/Users/Asbel/Downloads/is614-main/single-cycle - copia/top_level.sv Line: 32
Info (12128): Elaborating entity "instruction_memory" for hierarchy "instruction_memory:imem" File: C:/Users/Asbel/Downloads/is614-main/single-cycle - copia/top_level.sv Line: 45
Info (10648): Verilog HDL Display System Task info at instruction_memory.sv(17): 📥 Cargando instrucciones desde program.hex ... File: C:/Users/Asbel/Downloads/is614-main/single-cycle - copia/instruction_memory.sv Line: 17
Warning (10850): Verilog HDL warning at instruction_memory.sv(18): number of words (10) in memory file does not match the number of elements in the address range [0:255] File: C:/Users/Asbel/Downloads/is614-main/single-cycle - copia/instruction_memory.sv Line: 18
Info (10648): Verilog HDL Display System Task info at instruction_memory.sv(19): ✅ Instrucciones cargadas correctamente. File: C:/Users/Asbel/Downloads/is614-main/single-cycle - copia/instruction_memory.sv Line: 19
Warning (10030): Net "mem.data_a" at instruction_memory.sv(13) has no driver or initial value, using a default initial value '0' File: C:/Users/Asbel/Downloads/is614-main/single-cycle - copia/instruction_memory.sv Line: 13
Warning (10030): Net "mem.waddr_a" at instruction_memory.sv(13) has no driver or initial value, using a default initial value '0' File: C:/Users/Asbel/Downloads/is614-main/single-cycle - copia/instruction_memory.sv Line: 13
Warning (10030): Net "mem.we_a" at instruction_memory.sv(13) has no driver or initial value, using a default initial value '0' File: C:/Users/Asbel/Downloads/is614-main/single-cycle - copia/instruction_memory.sv Line: 13
Info (12128): Elaborating entity "registers_unit" for hierarchy "registers_unit:reg_unit" File: C:/Users/Asbel/Downloads/is614-main/single-cycle - copia/top_level.sv Line: 64
Warning (10240): Verilog HDL Always Construct warning at registers_unit.sv(19): inferring latch(es) for variable "i", which holds its previous value in one or more paths through the always construct File: C:/Users/Asbel/Downloads/is614-main/single-cycle - copia/registers_unit.sv Line: 19
Info (12128): Elaborating entity "hex7seg" for hierarchy "hex7seg:h0" File: C:/Users/Asbel/Downloads/is614-main/single-cycle - copia/top_level.sv Line: 96
Warning (127007): Memory Initialization File or Hexadecimal (Intel-Format) File "C:/Users/Asbel/Downloads/is614-main/single-cycle - copia/db/riscvpc.ram0_instruction_memory_68fd8bb8.hdl.mif" contains "don't care" values -- overwriting them with 0s
Warning (13024): Output pins are stuck at VCC or GND
    Warning (13410): Pin "display1[2]" is stuck at GND File: C:/Users/Asbel/Downloads/is614-main/single-cycle - copia/top_level.sv Line: 13
    Warning (13410): Pin "display3[0]" is stuck at GND File: C:/Users/Asbel/Downloads/is614-main/single-cycle - copia/top_level.sv Line: 15
    Warning (13410): Pin "display3[1]" is stuck at GND File: C:/Users/Asbel/Downloads/is614-main/single-cycle - copia/top_level.sv Line: 15
    Warning (13410): Pin "display3[4]" is stuck at GND File: C:/Users/Asbel/Downloads/is614-main/single-cycle - copia/top_level.sv Line: 15
    Warning (13410): Pin "display4[0]" is stuck at GND File: C:/Users/Asbel/Downloads/is614-main/single-cycle - copia/top_level.sv Line: 16
    Warning (13410): Pin "display4[1]" is stuck at GND File: C:/Users/Asbel/Downloads/is614-main/single-cycle - copia/top_level.sv Line: 16
    Warning (13410): Pin "display4[2]" is stuck at GND File: C:/Users/Asbel/Downloads/is614-main/single-cycle - copia/top_level.sv Line: 16
    Warning (13410): Pin "display4[6]" is stuck at VCC File: C:/Users/Asbel/Downloads/is614-main/single-cycle - copia/top_level.sv Line: 16
    Warning (13410): Pin "display5[5]" is stuck at GND File: C:/Users/Asbel/Downloads/is614-main/single-cycle - copia/top_level.sv Line: 17
Info (286030): Timing-Driven Synthesis is running
Info (17049): 20 registers lost all their fanouts during netlist optimizations.
Info (16010): Generating hard_block partition "hard_block:auto_generated_inst"
    Info (16011): Adding 0 node(s), including 0 DDIO, 0 PLL, 0 transceiver and 0 LCELL
Warning (21074): Design contains 8 input pin(s) that do not drive logic
    Warning (15610): No output dependent on input pin "SW[2]" File: C:/Users/Asbel/Downloads/is614-main/single-cycle - copia/top_level.sv Line: 11
    Warning (15610): No output dependent on input pin "SW[3]" File: C:/Users/Asbel/Downloads/is614-main/single-cycle - copia/top_level.sv Line: 11
    Warning (15610): No output dependent on input pin "SW[4]" File: C:/Users/Asbel/Downloads/is614-main/single-cycle - copia/top_level.sv Line: 11
    Warning (15610): No output dependent on input pin "SW[5]" File: C:/Users/Asbel/Downloads/is614-main/single-cycle - copia/top_level.sv Line: 11
    Warning (15610): No output dependent on input pin "SW[6]" File: C:/Users/Asbel/Downloads/is614-main/single-cycle - copia/top_level.sv Line: 11
    Warning (15610): No output dependent on input pin "SW[7]" File: C:/Users/Asbel/Downloads/is614-main/single-cycle - copia/top_level.sv Line: 11
    Warning (15610): No output dependent on input pin "SW[8]" File: C:/Users/Asbel/Downloads/is614-main/single-cycle - copia/top_level.sv Line: 11
    Warning (15610): No output dependent on input pin "SW[9]" File: C:/Users/Asbel/Downloads/is614-main/single-cycle - copia/top_level.sv Line: 11
Info (21057): Implemented 126 device resources after synthesis - the final resource count might be different
    Info (21058): Implemented 12 input pins
    Info (21059): Implemented 52 output pins
    Info (21061): Implemented 62 logic cells
Info: Quartus Prime Analysis & Synthesis was successful. 0 errors, 27 warnings
    Info: Peak virtual memory: 4815 megabytes
    Info: Processing ended: Tue Nov  4 19:23:37 2025
    Info: Elapsed time: 00:00:17
    Info: Total CPU time (on all processors): 00:00:34


